date,title,description,best_result_raw,best_result_display,score_type,barbell_lift,set_details,notes,rx_or_scaled,pr
11/21/2022,"GRACE","For time:30 clean and jerks Rx (95/135)",225,"3:45","","","[{""secs"":45,""mins"":3}]","75#",SCALED,
11/22/2022,"2 ROUNDS","2 rounds for time:100 double-unders25 shoulder-to-overheads25 burpeesRx (65/95)55+ (45/65)",695,"11:35","","","[{""secs"":35,""mins"":11}]","Handful of successful DU65#",SCALED,
11/23/2022,"BACK SQUAT","Back Squat5-5-3-3-3-1-1-1-1-1",165,"165","Load","Back Squat","[{""success"":true,""load"":65},{""success"":true,""load"":75},{""success"":true,""load"":95},{""success"":true,""load"":105},{""success"":true,""load"":115},{""success"":true,""load"":125},{""success"":true,""load"":135},{""success"":true,""load"":145},{""success"":true,""load"":155},{""success"":true,""load"":165}]","",RX,
11/24/2022,"THANKSGIVING PARTNER WORKOUT","BUY-IN: Last Minute Store Run5 ROUNDS24ft Family relay11 Grocery Bag Pick-Ups20 Recliner Get-Ups22 Turkey Tosses",1568,"26:08","","","[{""secs"":8,""mins"":26}]","",RX,
11/25/2022,"SLOW YOUR ROW!","12:00 AMRAPIN TEAMS OF 3, ALL WORKING AT THE SAME TIME1:00 SLOW row1 deadlift1 box jump over-Athletes will row SLOW while other 2 athletes ""leap frog"" 1 box jump over and 1 deadlift until all 12 reps are completed. Rowing athlete rotates every minuteRx (105/155 & 20/24)55+ (75/115 & 16/20)",139,"139","Reps","","[{""reps"":139}]","135# DL",SCALED,
11/26/2022,"4 PARTNER ROUNDS FOR TIME","4 rounds for time:200-m run20 pull-ups200-m run20 push-ups200-m run20 sit-ups200-m run20 air squatsRun together, split the other movements 10/10",1500,"25:00","","","[{""secs"":0,""mins"":25}]","3 full rounds + first 200m run from 4th round",SCALED,
11/28/2022,"ELLEN","3 rounds for time:20 burpees21 dumbbell snatches12 dumbbell thrustersRx (35/50)",849,"14:09","","","[{""secs"":9,""mins"":14}]","30# DB",SCALED,
11/28/2022,"Front Squat","3x5 @75% of Clean",115,"115","Load","","[{""success"":true,""load"":115},{""success"":true,""load"":115},{""success"":true,""load"":115}]","",RX,
11/29/2022,"15:00 AMRAP","On a 15:00 clock:1,700/2,000-m rowIn the remaining time:AMRAP:10 ring dips10 bar muscle-ups",1.011,"1+11","Rounds + Reps","","[{""rnds"":1,""reps"":11}]","Banded ring dipsBurpees + strict pull ups",SCALED,
11/30/2022,"Clean","3x2 @ 80%",125,"125","Load","","[{""success"":true,""load"":125},{""success"":true,""load"":125},{""success"":true,""load"":125}]","Hang clean 4x2 @80%",SCALED,
11/30/2022,"DB Pull overs","4x10",25,"25","Load","","[{""success"":true,""load"":25},{""success"":true,""load"":25},{""success"":true,""load"":25}]","",RX,
11/30/2022,"DEADLIFTS","DEADLIFTS3-3-3-3-3-3-3",175,"175","Load","Deadlift","[{""success"":true,""load"":115},{""success"":true,""load"":125},{""success"":true,""load"":135},{""success"":true,""load"":145},{""success"":true,""load"":155},{""success"":true,""load"":165},{""success"":true,""load"":175}]","",RX,
11/30/2022,"Jerk Dip + 10 sec Rack Hold","3x (3+10 sec) @ 110% of Clean and Jerk",145,"145","Load","","[{""success"":true,""load"":145},{""success"":true,""load"":145},{""success"":true,""load"":145}]","",RX,
11/30/2022,"Clean Pulls","3x5 @ 95%",145,"145","Load","","[{""success"":true,""load"":145},{""success"":true,""load"":145},{""success"":true,""load"":145}]","",RX,
11/30/2022,"TABATA","Tabata Sit-ups8 rounds:20 work / :10 rest",68,"68","Reps","","[{""reps"":68}]","",RX,
12/01/2022,"FOR TIME","For time:10-20-30-40-50:Single DB lunges (35/50 lb)Double-undersSit-upsRx (35/50)55+ (20/35)",998,"16:38","","","[{""secs"":38,""mins"":16}]","25# DBSingle unders",SCALED,
12/02/2022,"FOR TIME","For time:25 box jump overs800-m run25 burpee box oversRx (24/30)55+ (20/24)",435,"7:15","","","[{""secs"":15,""mins"":7}]","",RX,
12/03/2022,"30:00 AMRAP","AMRAP 30 with a partner:10 wall-ball shots6 handstand push-ups2 squat cleansRx (14/20 & 155/225)55+ (10/14 & 105/155)",19.016,"19+16","Rounds + Reps","","[{""rnds"":19,""reps"":16}]","Box pike push-ups115#",SCALED,
12/05/2022,"Plank","3 x 1 Minute Plank Reach Out- Alternate every 5 seconds",0,"0","Load","","[{""success"":true,""load"":0}]","",RX,
12/05/2022,"Tempo Snatch","3 seconds from ground to above the knee, then resume full speed and complete liftWork to a heavy double (1 set of a heavy double) thats it.",95,"95","Load","","[{""success"":true,""load"":95}]","",RX,
12/05/2022,"Snatch High Pull + Snatch from P1 + Snatch from P2","3x (1+1+1) @75%3 Sets",95,"95","Load","","[{""success"":true,""load"":65},{""success"":true,""load"":85},{""success"":true,""load"":95}]","",RX,
12/05/2022,"Front Squat","3x5 @90% of Clean",125,"125","Load","","[{""success"":true,""load"":95},{""success"":true,""load"":125},{""success"":true,""load"":125}]","",RX,
12/05/2022,"20:00 AMRAP","AMRAP 20:0015 toes-to-bars10 DB power cleans 400/500m rowRx (35/50)55+ (25/40)",4.008,"4+8","Rounds + Reps","","[{""rnds"":4,""reps"":8}]","35# DB",SCALED,
12/06/2022,"HANG POWER CLEANS","Hang Power CleansEvery 1:30 for 6 sets7-7-7-7-7-7- Cycle the bar as quickly as possible.",115,"115","Load","Hang Power Clean","[{""success"":true,""load"":95},{""success"":true,""load"":95},{""success"":true,""load"":95},{""success"":true,""load"":115},{""success"":true,""load"":115},{""success"":true,""load"":115},{""success"":true,""load"":115}]","",RX,
12/06/2022,"FOR TIME","For time:30-20-10:Lateral burpees over barFront squats Rx (65/95)55+ (45/65)",745,"12:25","","","[{""secs"":25,""mins"":12}]","65#",SCALED,
12/07/2022,"Tall Clean","3x3 Ascending in weight each week",125,"125","Load","","[{""success"":true,""load"":95},{""success"":true,""load"":115},{""success"":true,""load"":125}]","",RX,
12/07/2022,"DB Pull overs","4x10",25,"25","Load","","[{""success"":true,""load"":25},{""success"":true,""load"":25},{""success"":true,""load"":25}]","",RX,
12/07/2022,"PARTNER ROWING","You go/I go for 12 total rounds (6 rounds each)400/500-m row",1493,"24:53","","","[{""secs"":53,""mins"":24}]","",RX,
12/07/2022,"Jerk Dip + 10 sec Rack Hold","3x (3+10 sec) @ 115% of Clean and Jerk",175,"175","Load","","[{""success"":true,""load"":175},{""success"":true,""load"":175},{""success"":true,""load"":175}]","",RX,
12/07/2022,"Clean","Work to a Heavy Set of 2, then 1x2 at 10% less",135,"135","Load","","[{""success"":true,""load"":155},{""success"":true,""load"":135}]","",RX,
12/07/2022,"Clean Pulls","3x5 @ 100% of Clean",155,"155","Load","","[{""success"":true,""load"":155},{""success"":true,""load"":155},{""success"":true,""load"":155}]","",RX,
12/08/2022,"1:00 AMRAP","AMRAP 1:00Max-rep squat snatches- Use 80% heaviest successful 3-rep snatch.",8,"8","Reps","","[{""reps"":8}]","",RX,
12/08/2022,"SNATCH","Snatch (full squat)3-3-3-3-3-3-3",75,"75","Load","Snatch","[{""success"":true,""load"":55},{""success"":true,""load"":55},{""success"":true,""load"":55},{""success"":true,""load"":65},{""success"":true,""load"":65},{""success"":true,""load"":75},{""success"":true,""load"":75}]","",RX,
12/09/2022,"2 Cleans + 1 Split Jerk","Work to a heavy set of (2+1)1x1 (2 Cleans + 1 Split Jerk)",155,"155","Load","","[{""success"":true,""load"":155}]","",RX,
12/09/2022,"Snatch","1x1 @ 85%1x1 @ 88%1x1 @ 91%If you hit all 3 with no misses then go up",125,"125","Load","","[{""success"":true,""load"":115},{""success"":false,""load"":125},{""success"":true,""load"":125}]","",RX,
12/09/2022,"FIGHT GONE BAD","3 rounds for reps:1:00 wall-ball shot (14/20 lb)(9/10 ft)1:00 push press (55/75 lb)1:00 box jump (20 in)1:00 sumo deadlift high pull (55/75 lb)1:00 row for calories- Rest 1:00 between rounds.",202,"202","Reps","","[{""reps"":202}]","845860",RX,PR
12/09/2022,"Double KB OH Carry","3 sets-  Rig to the roll up doors and back is 1 set",25,"25","Load","","[{""success"":true,""load"":25},{""success"":true,""load"":25},{""success"":true,""load"":25}]","",RX,
12/09/2022,"Tempo Front Squat","3x3 @ 88% of Clean3 Seconds Down - 1 second pause at the bottom and explode back up",135,"135","Load","","[{""success"":true,""load"":135},{""success"":true,""load"":135},{""success"":true,""load"":135}]","",RX,
12/12/2022,"Tempo Snatch","3 seconds from ground to above the knee, then resume full speed and complete liftWork to a heavy single",115,"115","Load","","[{""success"":true,""load"":115}]","",RX,
12/12/2022,"Plank","3 x 1 Minute Plank Reach Out- Alternate every 5 seconds",0,"0","Load","","[{""success"":true,""load"":0}]","",RX,
12/12/2022,"Snatch High Pull + Snatch from P1 + Snatch from P2","Work to a heavy set",105,"105","Load","","[{""success"":true,""load"":105}]","",RX,
12/12/2022,"Front Squat","3x5 @ 80% of Clean",115,"115","Load","","[{""success"":true,""load"":115},{""success"":true,""load"":115},{""success"":true,""load"":115}]","",RX,
12/12/2022,"3 ROUNDS","3 rounds for time:9 wall walks200-m KB farmers carry Rx (53/70)55+ (35/53)",1074,"17:54","","","[{""secs"":54,""mins"":17}]","44#",SCALED,
12/13/2022,"CLEANS & CLIMBS","For load:12 squat cleans1 legless rope climb10 squat cleans1 legless rope climb8 squat cleans1 legless rope climb6 squat cleans1 legless rope climb4 squat cleans- Increase loading across each set of squat cleans.",125,"125","Load","","[{""success"":true,""load"":65},{""success"":true,""load"":75},{""success"":true,""load"":95},{""success"":true,""load"":115},{""success"":true,""load"":125}]","Should’ve gone to 135; not bad for morning after a double day",RX,
12/14/2022,"PUSH-UP/ROW","Accumulate 50 DB push-up + renegade rows- One rep = 1 push-up + 1 renegade row.",0,"50","Other / Text","","[{""other"":""50""}]","Only took 14 minutes 🪦",RX,
12/14/2022,"Jerk Dip + 10 sec Rack Hold","3x (3+10 sec) @ 115% of Clean and Jerk",155,"155","Load","","[{""success"":true,""load"":155},{""success"":true,""load"":155},{""success"":true,""load"":155}]","",RX,
12/14/2022,"Clean","Work to a Heavy Set of 1, then 1x2 at 10% less",155,"155","Load","","[{""success"":true,""load"":165},{""success"":true,""load"":155}]","",RX,
12/14/2022,"10:00 AMRAP","AMRAP 10:0012 DB box step-ups 12 DB deadlifts 100m runRx (25/35 & 20)55+ (15/25 & 16)",4.009,"4+9","Rounds + Reps","","[{""rnds"":4,""reps"":9}]","",RX,
12/14/2022,"DB Pull overs","4x10",25,"25","Load","","[{""success"":true,""load"":25},{""success"":true,""load"":25},{""success"":true,""load"":25}]","",RX,
12/14/2022,"Clean Pulls","3x5 @ 105% of Clean",175,"175","Load","","[{""success"":true,""load"":175},{""success"":true,""load"":175},{""success"":true,""load"":175}]","",RX,
12/14/2022,"Tall Clean","3x3 Ascending in weight each week",135,"135","Load","","[{""success"":true,""load"":105},{""success"":true,""load"":115},{""success"":true,""load"":135}]","",RX,
12/15/2022,"DB OVERHEAD CARRY","5 rounds for load with a partner:100-ft single-arm UNBROKEN DB overhead carry each arm- Each partner completes 5 rounds of 200 ft.- One partner works while the other rests.",40,"40","Load","","[{""success"":true,""load"":40}]","",RX,
12/15/2022,"FOR TIME","For time:21-18-15-12-9 reps: V-upsPull-upsShuttle runs- 1 shuttle run = 25 ft/8-m.",679,"11:19","","","[{""secs"":19,""mins"":11}]","Sit-ups instead of v-upsRing rows instead of pull-ups",SCALED,
12/16/2022,"Clean & Jerk 1x1","Clean & Jerk for load: #1:  1 rep ",165,"165","Load","Clean & Jerk","[{""success"":true,""load"":165}]","",RX,
12/16/2022,"Clean 1x1","Clean for load: #1:  1 rep ",170,"170","Load","Clean","[{""success"":true,""load"":170}]","",RX,
12/16/2022,"Double KB OH Carry","3 sets-  Rig to the roll up doors and back is 1 set",35,"35","Load","","[{""success"":true,""load"":25},{""success"":true,""load"":35},{""success"":true,""load"":35}]","",RX,
12/16/2022,"5x5 BACK SQUAT","Back Squat5-5-5-5-5",165,"165","Load","Back Squat","[{""success"":true,""load"":95},{""success"":true,""load"":105},{""success"":true,""load"":135},{""success"":true,""load"":155},{""success"":true,""load"":165}]","",RX,
12/16/2022,"Snatch","1x1 @ 88-89%1x1 @ 91-92%1x1 @ 95%If you hit all 3 with no misses then go up",115,"115","Load","","[{""success"":true,""load"":105},{""success"":true,""load"":115},{""success"":false,""load"":125}]","",RX,
12/16/2022,"Clean & Jerk","Work to a heavy C&J",165,"165","Load","","[{""success"":true,""load"":165}]","170# hit clean, missed jerk",RX,
12/17/2022,"20:00 PARTNER AMRAP","AMRAP 20:00 with a partner:Partner 1: 250/300-m rowPartner 2: 12 hang power snatchesRx (75/115)55+ (65/95)- Partners rotate after the row and snatches are completed.- Partners perform 5 synchronized bar-facing burpees before rotating.",7.009,"7+9","Rounds + Reps","","[{""rnds"":7,""reps"":9}]","85#",SCALED,
12/19/2022,"OH Squats!","5x3",125,"125","Load","","[{""success"":true,""load"":95},{""success"":true,""load"":95},{""success"":true,""load"":105},{""success"":true,""load"":115},{""success"":true,""load"":125}]","12/26",RX,
12/19/2022,"Snatch Complex","Hang Snatch + Snatch5x (1+1)",105,"105","Load","","[{""success"":true,""load"":65},{""success"":true,""load"":75},{""success"":true,""load"":85},{""success"":true,""load"":95},{""success"":true,""load"":105}]","12/26",RX,
12/19/2022,"Clean Complex","1 Clean3 Front Squats1 Split JerkGoal is hit 75% or more",135,"135","Load","","[{""success"":true,""load"":105},{""success"":true,""load"":115},{""success"":true,""load"":125},{""success"":true,""load"":135}]","12/26",RX,
12/19/2022,"FOR TIME","For time:150-ft DB walking lunges50 alternating DB hang snatches150-ft DB walking lunges50 single-arm DB hang power cleans150-ft DB walking lunges50 lateral hops over DB150-ft DB walking lunges50 single-arm DB deadlift- Use a single DB for all weighted movements.Rx (35/50)55+ (25/40)",1250,"20:50","","","[{""secs"":50,""mins"":20}]","35#",SCALED,
12/20/2022,"PARTNER FOR TIME","For time with a partner:150 hand-release push-ups120 front squats -Front squats can be from a rackRx (105/155 lb)55+ (75/115)",1239,"20:39","","","[{""secs"":39,""mins"":20}]","95#",SCALED,
12/21/2022,"Snatch 1x1","Snatch for load: #1:  1 rep ",125,"125","Load","Snatch","[{""success"":true,""load"":125}]","",RX,
12/21/2022,"FOR TIME","For time:15 DB burpee box overs (35/50 lb) (20/24 in)15 deadlifts (205/315 lb)15 overhead squats (135/205 lbs)15 ring muscle-ups- Use two DBs for the DB burpee box overs",992,"16:32","","","[{""secs"":32,""mins"":16}]","35# 24”205#115#Jumping ring muscle-ups",SCALED,
12/21/2022,"Power Clean + Hang Clean + Clean","4x(1+1+1) at 75%",115,"115","Load","","[{""success"":true,""load"":115},{""success"":true,""load"":115},{""success"":true,""load"":115},{""success"":true,""load"":115}]","",RX,
12/21/2022,"Power Snatch + 3 OH Squats","4x(1+3) at 75%",95,"95","Load","","[{""success"":true,""load"":95},{""success"":true,""load"":95},{""success"":true,""load"":95},{""success"":true,""load"":95}]","",RX,
12/21/2022,"Thrusters","Find a Heavy 1RM",145,"145","Load","","[{""success"":true,""load"":145}]","Disgusting form",RX,
12/22/2022,"TABATA","Tabata Sit-ups8 rounds:20 work / :10 rest",72,"72","Reps","","[{""reps"":72}]","",RX,
12/22/2022,"5 x 2:00","5 x 2:00 rounds for reps:18/25 calorie rowMax double-unders- Rest 2:00 between sets.",390,"390","Reps","","[{""reps"":390}]","Single-unders",SCALED,
12/23/2022,"Snatch","4x2 @ 80%",105,"105","Load","","[{""success"":true,""load"":95},{""success"":true,""load"":95},{""success"":true,""load"":95},{""success"":true,""load"":105}]","12/30",RX,
12/23/2022,"RANDY","For time:75 power snatch Rx (55/75 lb)",570,"9:30","","","[{""secs"":30,""mins"":9}]","",RX,
12/23/2022,"Front Squats","5x4",135,"135","Load","","[{""success"":true,""load"":135},{""success"":true,""load"":135},{""success"":true,""load"":135},{""success"":true,""load"":135},{""success"":true,""load"":135}]","12/30",RX,
12/23/2022,"POWER SNATCH","EMOM 8:001 power snatch- Build to a heavy single.",115,"115","Load","","[{""success"":true,""load"":75},{""success"":true,""load"":85},{""success"":true,""load"":95},{""success"":true,""load"":105},{""success"":false,""load"":115},{""success"":true,""load"":115},{""success"":false,""load"":125},{""success"":false,""load"":125}]","",RX,
12/23/2022,"2 Cleans + Split Jerk","5x (2+1) Find Heavy for the day",155,"155","Load","","[{""success"":true,""load"":95},{""success"":true,""load"":115},{""success"":true,""load"":135},{""success"":true,""load"":145},{""success"":true,""load"":155}]","12/30",RX,
12/24/2022,"SWOLY NIGHT","FOR TIME WITH A PARTNER50 Burpees40 Goblet Squats30 Push-ups20 Plate Ground to Overhead10 Wall Walks20 Plate Ground to Overhead30 Push-ups40 Goblet Squats50 BurpeesRx (35/50 & 25/45)55+ (25/40 & 15/35)",778,"12:58","","","[{""secs"":58,""mins"":12}]","35#25#",SCALED,
12/26/2022,"2 ROUNDS","2 rounds for time: 50 alternating DB snatches (35/50 lb)50 wall-ball shots (14/20 lb)(9/10 ft)",790,"13:10","","","[{""secs"":10,""mins"":13}]","35#14#",SCALED,
12/27/2022,"FOR TIME","For time: 30-25-20-15-10:Toes-to-bar100-80-60-40-20:Double-unders",990,"16:30","","","[{""secs"":30,""mins"":16}]","DragonfliesDU 2-2-1-1-1",SCALED,
12/28/2022,"8:00 AMRAP","AMRAP 8:00 2 wall walks 2 deadlifts Rx (205/315)55+ (155/225)",8,"8","Rounds + Reps","","[{""rnds"":8}]","225#",SCALED,
12/28/2022,"DEADLIFT","EMOM 8:001 deadlift",285,"285","Load","","[{""success"":true,""load"":285}]","",RX,
12/29/2022,"Rowing Intervals","10 Rounds:Pull a sub 1:25/500-m pace for as long as possible3:00 Rest",36,"0:36","","","[{""secs"":55,""mins"":0},{""secs"":46},{""secs"":36},{""secs"":38},{""secs"":39},{""secs"":43},{""secs"":39},{""secs"":38,""mins"":0},{""secs"":37},{""secs"":39,""mins"":0}]","1:37 🪦",SCALED,
12/30/2022,"DOUBLE UNDERS MAX SET UNBROKEN","Double-Unders: Max Reps Unbroken",17,"17","Reps","","[{""reps"":17}]","",RX,
12/30/2022,"DOUBLE UNDERS: 2 MIN TEST","Max reps of double-unders in 2 minutes.",52,"52","Reps","","[{""reps"":52}]","",RX,
12/30/2022,"BACK RACK REVERSE LUNGES","Back Rack Reverse Lunges6-6-6-6-6-6-6",120,"120","Load","Back Rack Lunges","[{""success"":true,""load"":75},{""success"":true,""load"":85},{""success"":true,""load"":95},{""success"":true,""load"":100},{""success"":true,""load"":105},{""success"":true,""load"":115},{""success"":true,""load"":120}]","",RX,
12/31/2022,"20:00 AMRAP","AMRAP 20:00 with a partner:23 box jump overs (20/24 in)23 power snatches (65/95 lb)23 overhead squats (65/95 lb)23 knees-to-elbows23 air bike calories",2.114,"2+114","Rounds + Reps","","[{""rnds"":2,""reps"":114}]","24”65#Push press instead of overhead squat",SCALED,
01/02/2023,"Hang Power Clean 4x2","Hang Power Clean for load: #1:  2 reps #2:  2 reps #3:  2 reps #4:  2 reps",115,"115","Load","Hang Power Clean","[{""success"":true,""load"":115},{""success"":true,""load"":115},{""success"":true,""load"":115},{""success"":true,""load"":115}]","",RX,
01/02/2023,"Hang Power Clean (At Knee)","4x2 @67%",115,"115","Load","","[{""success"":true,""load"":115},{""success"":true,""load"":115},{""success"":true,""load"":115},{""success"":true,""load"":115}]","",RX,
01/02/2023,"10:00 AMRAP","AMRAP 10:0010 air squats9 DB snatches, right arm 10 push-ups9 DB snatches, left armRx (35/50)55+ (20/35)",5.01,"5+10","Rounds + Reps","","[{""rnds"":5,""reps"":10}]","",RX,
01/02/2023,"DUMBBELL WORK","4 sets:10 single-DB bent over rows/arm10 single-DB glute bridges",0,"50","Other / Text","","[{""other"":""50""}]","",RX,
01/02/2023,"Snatch High Pull + Low Hang Snatch (Below Knee)","5x(1+1) @ 76%",95,"95","Load","","[{""success"":true,""load"":95},{""success"":true,""load"":95},{""success"":true,""load"":95},{""success"":true,""load"":95},{""success"":true,""load"":95}]","",RX,
01/02/2023,"Pause Front Squat","1 second pause on the first rep only3x3@ 85% of Clean",115,"115","Load","","[{""success"":true,""load"":115},{""success"":true,""load"":115},{""success"":true,""load"":115}]","",RX,
01/03/2023,"FOR TIME","For time:45 chest-to-bar pull-ups30 shoulder-to-overheadsRx (125/185)",537,"8:57","","","[{""secs"":57,""mins"":8}]","35 chest-to-bar95#",SCALED,
01/03/2023,"PUSH JERK","Push Jerk for load:3-3-3-3-3",135,"135","Load","Push Jerk","[{""success"":true,""load"":95},{""success"":true,""load"":115},{""success"":true,""load"":125},{""success"":true,""load"":125},{""success"":true,""load"":135}]","",RX,
01/04/2023,"NANCY","5 rounds for time:• 400m run• 15 Overhead squatsRx (65/95)",884,"14:44","","","[{""secs"":44,""mins"":14}]","65#",SCALED,
01/05/2023,"TABATA","Tabata Double Under",281,"281","Reps","","[{""reps"":281}]","Single-unders",SCALED,
01/05/2023,"6 PARTNER ROUNDS","6 partner rounds for time:20 burpee box jump oversSlow rowRx (24/30)55+ (20/24)",765,"12:45","","","[{""secs"":45,""mins"":12}]","Partnered with Justin",RX,
01/06/2023,"Clean 1x1","Clean for load: #1:  1 rep ",175,"175","Load","Clean","[{""success"":true,""load"":175}]","",RX,
01/06/2023,"Clean & Jerk 1x1","Clean & Jerk for load: #1:  1 rep ",175,"175","Load","Clean & Jerk","[{""success"":true,""load"":175}]","",RX,
01/06/2023,"SQUAT CLEAN","Squat Clean:1-1-1-1-1-1-1",175,"175","Load","Squat Clean","[{""success"":true,""load"":135},{""success"":true,""load"":145},{""success"":true,""load"":155},{""success"":true,""load"":160},{""success"":true,""load"":165},{""success"":true,""load"":170},{""success"":true,""load"":175}]","",RX,
01/09/2023,"HANG POWER CLEAN","Hang Power Clean2-2-2-2-2-2",145,"145","Load","Hang Power Clean","[{""success"":true,""load"":95},{""success"":true,""load"":115},{""success"":true,""load"":115},{""success"":true,""load"":125},{""success"":true,""load"":135},{""success"":true,""load"":145}]","",RX,
01/09/2023,"4 ROUNDS","4 ROUNDS12 Air squats12 Push-ups12 Sit-ups12 Burpees",496,"8:16","","","[{""secs"":16,""mins"":8}]","",RX,
01/09/2023,"Hang Power Clean (At Knee)","4x2 @72%",125,"125","Load","","[{""success"":true,""load"":125},{""success"":true,""load"":125},{""success"":true,""load"":125},{""success"":true,""load"":125}]","",RX,
01/09/2023,"Snatch High Pull + Low Hang Snatch (Below Knee)","4x(1+1) @ 81%",105,"105","Load","","[{""success"":true,""load"":105},{""success"":true,""load"":105},{""success"":true,""load"":105},{""success"":true,""load"":105}]","",RX,
01/09/2023,"Pause Front Squat","1 second pause on the first rep only3x3@ 89% of Clean",125,"125","Load","","[{""success"":true,""load"":125},{""success"":true,""load"":125},{""success"":true,""load"":125}]","3x5 no pause; sore left knee",RX,
01/09/2023,"3 Supersets of","10 DB Row/Arm15-30 seconds Plank",50,"50","Load","","[{""success"":true,""load"":50},{""success"":true,""load"":50},{""success"":true,""load"":50}]","50#30 seconds",RX,
01/10/2023,"7 PARTNER ROUNDS","7 partner rounds for time:Partner A: 200/250-m rowPartner B: 20 Russian KB swings Rx (53/70)55+ (35/53)",1085,"18:05","","","[{""secs"":5,""mins"":18}]","53#",SCALED,
01/11/2023,"FOR TIME","21-15-9DeadliftsPull-ups-200m run after each roundRx (95/135)55+ (75/115)",545,"9:05","","","[{""secs"":5,""mins"":9}]","Kipping pull-ups",RX,
01/12/2023,"TABATA","Hollow Rocks",68,"68","Reps","","[{""reps"":68}]","",SCALED,
01/12/2023,"BACK SQUAT","Back Squat for load:4-4-4-4",205,"205","Load","Back Squat","[{""success"":true,""load"":135},{""success"":true,""load"":155},{""success"":true,""load"":175},{""success"":true,""load"":205}]","",RX,PR
01/13/2023,"CROSSFIT OPEN 17.5","10 rounds for time:9 thrusters35 double-undersRx (65/95)",743,"12:23","","","[{""secs"":23,""mins"":12}]","65#Single-unders",SCALED,PR
01/16/2023,"FRAN","21-15-9 reps for time of:• Thruster 95/65#• Pull-ups",456,"7:36","","","[{""secs"":36,""mins"":7}]","65#Kipping pull-ups",SCALED,
01/17/2023,"8:00 AMRAP","AMRAP 8:002 alternating single-leg squats2 box jump-overs4 alternating single-leg squats4 box jump-overs6 alternating single-leg squats6 box jump-overs- Continue adding 2 reps to each movement until time expires.Rx (20)55+ (16)",150,"150","Reps","","[{""reps"":150}]","Narrow stance squats",SCALED,
01/17/2023,"BOX JUMP","On an 6:00 clock:Build to a max height box jump",46,"46","Inches","","[{""inches"":46}]","",RX,
01/18/2023,"Power Snatch Doubles ( Blocks at Knee)","3x2 @75%",95,"95","Load","","[{""success"":true,""load"":95},{""success"":true,""load"":95},{""success"":true,""load"":95}]","",RX,
01/18/2023,"10:00 AMRAP","AMRAP 10:001-2-3-4-5... etc.Power clean Deficit handstand push-upRx (95/135 & 2/4 inch)",9.001,"9+1","Rounds + Reps","","[{""rnds"":9,""reps"":1}]","135#4” deficit push-ups",SCALED,
01/18/2023,"Clean Pull + Clean + Split Jerk w/pause in split","3x(1+1+1) @82%",145,"145","Load","","[{""success"":true,""load"":145},{""success"":true,""load"":145},{""success"":true,""load"":145}]","",RX,
01/18/2023,"Back Squat","3 sec pause on the 1st rep5x3@ 80%",175,"175","Load","","[{""success"":true,""load"":175},{""success"":true,""load"":175},{""success"":true,""load"":175},{""success"":true,""load"":175},{""success"":true,""load"":175}]","",RX,
01/18/2023,"HANDSTAND WALK","6 sets:1:00 max distance handstand walk or max rep wall walks- Rest 1:00",0,"0","Feet","","[{""feet"":0}]","25 wall walks",SCALED,
01/19/2023,"CROSSFIT GAMES OPEN 18.2","On a 12:00 clock:For time:1-2-3-4-5-6-7-8-9-10 reps for time of: Dumbbell squatsBar-facing burpeesRx (35/50)",595,"9:55","","","[{""secs"":55,""mins"":9}]","",RX,PR
01/19/2023,"CROSSFIT GAMES OPEN 18.2a","To be completed in the 12 minute time-cap of Open 18.2:•1-rep-max clean",165,"165","Load","","[{""success"":true,""load"":165}]","",RX,PR
01/20/2023,"Snatch","Work to a Heavy Single,THEN1x1 @ 90% of Heavy Single",115,"115","Load","","[{""success"":true,""load"":115},{""success"":true,""load"":105}]","",RX,
01/20/2023,"FOR TIME","For time:21-15-9-15-21:DeadliftsToes-to-barRx (155/225)55+ (105/155)",774,"12:54","","","[{""secs"":54,""mins"":12}]","155#V-ups",SCALED,
01/20/2023,"C&J","1x1 @87%1x1 @92%1x1 @82%",165,"165","Load","","[{""success"":true,""load"":155},{""success"":true,""load"":165},{""success"":true,""load"":145}]","",RX,
01/20/2023,"Front Squat","3x2 @ 80% of Clean",145,"145","Load","","[{""success"":true,""load"":145},{""success"":true,""load"":145},{""success"":true,""load"":145}]","",RX,
01/23/2023,"5x3 BENCH PRESS","Bench Press for load:3-3-3-3-3",165,"165","Load","Bench Press","[{""success"":true,""load"":115},{""success"":true,""load"":135},{""success"":true,""load"":155},{""success"":true,""load"":165},{""success"":false,""load"":165}]","",RX,
01/24/2023,"CROSSFIT OPEN 22.1","Complete as many rounds as possible in 15 minutes of: • 3 wall walks• 12 dumbbell snatches• 15 box jump-overs♀ 35-lb dumbbell, 20-in box♂ 50-lb dumbbell, 24-in boxFor full equipment details, categories, and scoring options visit: https://games.crossfit.com/workouts/open/2022/22.1",213,"213","Reps","","[{""reps"":213}]","Deadlifts instead of wall walks",SCALED,
01/25/2023,"RUN 12 x 400m","Run 12x400m",125,"2:05","","","[{""secs"":23,""mins"":2},{""secs"":12,""mins"":2},{""secs"":11,""mins"":2},{""secs"":7,""mins"":2},{""secs"":8,""mins"":2},{""secs"":5,""mins"":2},{""secs"":5,""mins"":2},{""secs"":6,""mins"":2},{""secs"":9,""mins"":2},{""secs"":8,""mins"":2},{""secs"":5,""mins"":2},{""secs"":5,""mins"":2}]","",RX,
01/26/2023,"5 ROUNDS FOR TIME","5 rounds for time: 75 double-unders25 push-ups",892,"14:52","","","[{""secs"":52,""mins"":14}]","Double under attempts for 90 seconds",SCALED,
01/27/2023,"7x1 SQUAT SNATCH","Squat snatch1-1-1-1-1-1-1",125,"125","Load","Squat Snatch","[{""success"":true,""load"":75},{""success"":true,""load"":85},{""success"":true,""load"":95},{""success"":true,""load"":95},{""success"":true,""load"":105},{""success"":true,""load"":115},{""success"":true,""load"":125}]","",RX,
01/27/2023,"7x2 POWER SNATCH","Power snatch2-2-2-2-2-2-2",115,"115","Load","Power Snatch","[{""success"":true,""load"":75},{""success"":true,""load"":85},{""success"":true,""load"":95},{""success"":true,""load"":105},{""success"":true,""load"":115},{""success"":true,""load"":115},{""success"":true,""load"":115}]","",RX,
01/28/2023,"15:00 PARTNER AMRAP","AMRAP 15:00 with a partner:60 synchro sit-ups40 box jumps20 chest-to-bar pull-upsRx (20/24)55+ (16/20)",2.07,"2+70","Rounds + Reps","","[{""rnds"":2,""reps"":70}]","",RX,
01/30/2023,"20:00 AMRAP","AMRAP 20:0010 single-arm KB swings, right10 single-arm KB swings, left 250-m row10 barbell lunges, right10 barbell lunges, left- KB swings to eye level.Rx (35/53 & 65/95)55+ (26/44 & 45/65)",4.02,"4+20","Rounds + Reps","","[{""rnds"":4,""reps"":20}]","",RX,
01/31/2023,"13:00 AMRAP","AMRAP 13:008 deadlifts5 hang power cleans3 bar muscle-upsRx (105/155)55+ (75/115)- BEGINNER -AMRAP 13:8 deadlifts (55/75 lb)5 hang power cleans (55/75 lb)3 jumping pull-ups",9.004,"9+4","Rounds + Reps","","[{""rnds"":9,""reps"":4}]","105#",SCALED,
02/01/2023,"FRONT SQUATS 7x5","Front Squat for load:5-5-5-5-5-5-5",135,"135","Load","Front Squat","[{""success"":true,""load"":135},{""success"":true,""load"":135},{""success"":true,""load"":135},{""success"":true,""load"":135},{""success"":true,""load"":135},{""success"":true,""load"":135},{""success"":true,""load"":135}]","",RX,
02/02/2023,"CROSSFIT OPEN 14.1","Complete as many reps as possible in 10 minutes of:• 30 double-unders• 15 power snatchesRx (55/75)",224,"224","Reps","","[{""reps"":224}]","",SCALED,PR
02/03/2023,"FOR TIME","For time:800/1,000-m row40 v-ups600/750-m row40 v-ups400/500-m row",896,"14:56","","","[{""secs"":56,""mins"":14}]","",RX,
02/06/2023,"POWER SNATCH 5x3","Power Snatch for load:3-3-3-3-3-Must be touch & go for all 3 reps",115,"115","Load","Power Snatch","[{""success"":true,""load"":75},{""success"":true,""load"":85},{""success"":true,""load"":95},{""success"":true,""load"":105},{""success"":true,""load"":115}]","",RX,
02/06/2023,"FOR TIME","For time:3-6-9-12-15:Bar-facing burpeesPower snatches Rx (95/135)55+ (65/95)",704,"11:44","","","[{""secs"":44,""mins"":11}]","95#",SCALED,
02/07/2023,"3 PARTNER ROUNDS","3 rounds for time with a partner:800-m run 10 rope climbs50 overhead squats- Run together and split the rope climbs and squats as needed.Rx (65/95)55+ (55/75)",2205,"36:45","","","[{""secs"":45,""mins"":36}]","65# front squats",SCALED,
02/08/2023,"CROSSFIT OPEN 16.4","Complete as many rounds and reps as possible in 13 minutes of:• 55 deadlifts• 55 wall-ball shots• 55-calorie row• 55 handstand push-upsMen deadlift 225 lb. and throw 20-lb. ball to 10-ft. targetWomen deadlift 155 lb. and throw 14-lb. ball to 9-ft. target",196,"196","Reps","","[{""reps"":196}]","135#14# 10’Hand release push-ups",SCALED,PR
02/09/2023,"10:00 AMRAP","AMRAP 10:0020 double-unders10 KB goblet squats5 box jumps (24/30 in)Rx (53/70 & 24/30)55+ (35/53 & 20/24)",6.032,"6+32","Rounds + Reps","","[{""rnds"":6,""reps"":32}]","Mixed single-unders and double-unders53#30”",SCALED,
02/09/2023,"BAR MUSCLE-UPS","6:00 EMOM1-3 bar muscle-ups",0,"18","Other / Text","","[{""other"":""18""}]","Jumping muscle-ups",RX,
02/10/2023,"Clean Pull + Hang Clean (Knee) + Split Jerk","3x (1+1+1) @ 81%1x (1+1+1) @ 73%",145,"145","Load","","[{""success"":true,""load"":145},{""success"":true,""load"":145},{""success"":true,""load"":145},{""success"":true,""load"":135}]","",RX,
02/10/2023,"Snatch + 2 OHS","4x (1+2) @ 83%",105,"105","Load","","[{""success"":true,""load"":105},{""success"":true,""load"":105},{""success"":true,""load"":105},{""success"":true,""load"":105}]","",RX,
02/10/2023,"15:00 AMRAP","AMRAP 15:0010 pull-ups25-ft DB overhead walking lunge15/20-cal bike25-ft DB overhead walking lunge- Use one DB.Rx (35/50)55+ (25/40)",3.003,"3+3","Rounds + Reps","","[{""rnds"":3,""reps"":3}]","",RX,
02/10/2023,"Clean Grip Deadlift","3x5 @115%",205,"205","Load","","[{""success"":true,""load"":205},{""success"":true,""load"":205},{""success"":true,""load"":205}]","",RX,
02/13/2023,"4 ROUNDS FOR TIME","4 rounds for time:400-m run400/500-m row",975,"16:15","","","[{""secs"":15,""mins"":16}]","",RX,
02/14/2023,"230214","AMRAP 5:0010 squat snatches20 box jump-overs30 kipping pull-upsRest 5 minutesAMRAP 5:0010 power snatches20 box jump-overs30 strict pull-upsRx (75/115 & 20/24)55+ (55/85 & 16/20)",1.052,"1+52","Rounds + Reps","","[{""rnds"":1,""reps"":52}]","115# — cleans instead of snatches",SCALED,
02/14/2023,"HANG SQUAT SNATCH","EMOM 6:002 hang squat snatches",75,"75","Load","Hang Squat Snatch","[{""success"":true,""load"":75},{""success"":true,""load"":75},{""success"":true,""load"":75},{""success"":true,""load"":75},{""success"":true,""load"":75},{""success"":true,""load"":75}]","",RX,
02/15/2023,"21:00 EMOM","EMOM 21:00Minute 1 | DB man makers (35/50 lb)Minute 2 | 5 back squatsMinute 3 | rest- Use two DBs for the man makers.Rx (35/50)55+ (20/35)",165,"165","Load","","[{""success"":true,""load"":165}]","35#",SCALED,
02/16/2023,"SPLIT JERKS 7x3","Split Jerks3-3-3-3-3-3-3",150,"150","Load","Split Jerk","[{""success"":true,""load"":135},{""success"":true,""load"":140},{""success"":true,""load"":145},{""success"":true,""load"":150}]","",RX,
02/17/2023,"OPEN 23.1","- RX -Complete as many reps as possible in 14 minutes of:60-calorie row50 toes-to-bars40 wall-ball shots (14/20 lb) (9/10 ft)30 cleans (95/135 lb)20 muscle-ups- SCALED -Complete as many reps as possible in 14 minutes of:60-calorie row50 hanging knee raises40 wall-ball shots (10/14 lb) (9/10 ft)30 cleans (65/95 lb)20 chin-over-bar pull-ups- FOUNDATIONS -Complete as many reps as possible in 14 minutes of:60 strokes on the rower50 sit-ups40 wall-ball shots (6/10 lb) (9/10 ft)30 cleans (35/45 lb)20 push-ups",194,"194","Reps","","[{""reps"":194}]","",SCALED,
02/17/2023,"MORNING WORKOUT","Prep for The Open",2,"2","Emoji Selection","","[{""index"":2}]","",RX,
02/21/2023,"3 ROUNDS","3 rounds for time:400-m run80 double-unders40 walking lunges",877,"14:37","","","[{""secs"":37,""mins"":14}]","",SCALED,
02/22/2023,"PART 1 OF 2","4 x 2:00 rounds for distance:17/24 calorie rowMax distance handstand walk- Rest 1:00 between rounds.",2352,"196","Feet","","[{""feet"":196}]","Bear crawls",SCALED,
02/22/2023,"PART 2 OF 2","4 x 2:00 rounds for calories:24 push-upsMax calorie row- Rest 1:00 between rounds.",40,"40","Calories","","[{""calories"":40}]","",RX,
02/23/2023,"POWER CLEAN","Power Clean5-5-3-3-3-1-1-1-1",185,"185","Load","Power Clean","[{""success"":true,""load"":115},{""success"":true,""load"":135},{""success"":true,""load"":145},{""success"":true,""load"":155},{""success"":true,""load"":165},{""success"":true,""load"":175},{""success"":true,""load"":180},{""success"":true,""load"":185},{""success"":true,""load"":185}]","",RX,PR
02/24/2023,"OPEN 23.2A","- RX -Complete as many reps as possible in 15 minutes of:5 burpee pull-ups10 shuttle runs (1 rep=50 ft)- Add 5 burpee pull-ups after each round.- SCALED -Complete as many reps as possible in 15 minutes of:5 burpees10 shuttle runs (1 rep=50 ft)- Add 5 burpees after each round.- FOUNDATIONS -Complete as many reps as possible in 15 minutes of:5 burpees10 shuttle runs (1 rep=50 ft)- Add 5 burpees after each round.",127,"127","Reps","","[{""reps"":127}]","",RX,PR
02/24/2023,"Open 23.2B","Immediately following 23.2A, athletes will have 5 minutes to establish:• 1-rep-max thruster (from the floor)For full equipment details, categories, and scoring options visit: https://games.crossfit.com/workouts/open/2023/2",150,"150","Load","","[{""success"":true,""load"":150}]","",RX,PR
02/24/2023,"MORNING WORKOUT","Prep for The Open",2,"2","Emoji Selection","","[{""index"":2}]","",RX,
02/25/2023,"8 PARTNER ROUNDS","A: 400/500m rowB: 10 DB Alternating Hang Snatches15 Sit-Ups20 DB Goblet SquatsRx (25/40)",1124,"18:44","","","[{""secs"":44,""mins"":18}]","",RX,
03/01/2023,"4 ROUNDS","4 rounds for time:400-m run20 DB hang power cleans100-m DB front rack carry- Use two DBs for all movements.Rx (25/35)55+ (15/25)",1250,"20:50","","","[{""secs"":50,""mins"":20}]","30#",SCALED,
03/02/2023,"10:00 AMRAP","AMRAP 10:20 wall-ball shots10 strict pull-upsRx (14/20)55+ (10/14)",3.009,"3+9","Rounds + Reps","","[{""rnds"":3,""reps"":9}]","",RX,
03/06/2023,"12:00 AMRAP","AMRAP 12:001, 2, 3, 4, 5, 6, 7...DeadliftFront squatBox jump- Add 1 rep to each movement after completing a full round.Rx (95/135 & 24/30)55+ (65/95 & 20/24)",8.019,"8+19","Rounds + Reps","","[{""rnds"":8,""reps"":19}]","95#",SCALED,
03/06/2023,"BARBELL WALK","400-m barbell walk- Barbell in the back rack position.",0,"95","Other / Text","","[{""other"":""95""}]","",RX,
03/06/2023,"DAILY LAZY MACROS POINTS","WEEK 1 POINTS (7 possible/day)+2 points for 800g++2 points for protein target+2 for daily task (education week; watch the videos)+1 point for workoutThe LEADERBOARD will mostly appear on Fridays at this link. You can bookmark it to check in whenever!https://app.sugarwod.com/athletes/challenges/lazy-macros?date=20230306",7,"7","Reps","","[{""reps"":7}]","",RX,PR
03/07/2023,"SHOULDER PRESS","Shoulder Press10-10-10-10-10",95,"95","Load","Shoulder Press","[{""success"":true,""load"":65},{""success"":true,""load"":75},{""success"":true,""load"":85},{""success"":true,""load"":95},{""success"":false,""load"":100}]","",RX,
03/07/2023,"DAILY LAZY MACROS POINTS","WEEK 1 POINTS (7 possible/day)+2 points for 800g++2 points for protein target+2 for daily task (education week)+1 point for workout",7,"7","Reps","","[{""reps"":7}]","",RX,
03/08/2023,"FOR TIME","For time:25 DB power snatches left-arm25 DB power snatches right-arm50 sit-ups20 DB power snatches left-arm20 DB power snatches right-arm40 sit-ups15 DB power snatches left-arm15 DB power snatches right-arm30 sit-ups10 DB power snatches left-arm10 DB power snatches right-arm20 sit-ups5 DB power snatches left-arm5 DB power snatches right-arm10 sit-upsRx (35/50)55+ (20/35)",989,"16:29","","","[{""secs"":29,""mins"":16}]","35#",SCALED,
03/08/2023,"DAILY LAZY MACROS POINTS","WEEK 1 POINTS (7 possible/day)+2 points for 800g++2 points for protein target+2 for daily task (education week)+1 point for workout",7,"7","Reps","","[{""reps"":7}]","",RX,
03/09/2023,"Skill Work","Post-workout3 sets:30 GHD hip extensions1:00 seated leg raise hold",0,"No","Checkbox","","[{""boolean"":0}]","",RX,
03/09/2023,"230312","5 ROUNDS5 rounds x 2:00 for reps:400-m runMax double-unders in the remaining time- Rest 1:00 between sets.",67,"67","Reps","","[{""reps"":67}]","",RX,
03/09/2023,"DAILY LAZY MACROS POINTS","WEEK 1 POINTS (7 possible/day)+2 points for 800g++2 points for protein target+2 for daily task (education week)+1 point for workout",3,"3","Reps","","[{""reps"":3}]","",RX,
03/10/2023,"DAILY LAZY MACROS POINTS","WEEK 1 POINTS (7 possible/day)+2 points for 800g++2 points for protein target+2 for daily task (education week)+1 point for workouttLEADERBOARD:https://app.sugarwod.com/athletes/challenges/lazy-macros?date=20230306",5,"5","Reps","","[{""reps"":5}]","",RX,
03/10/2023,"FOR TIME","For time:100 air squats5 handstand push-ups25-ft handstand walk75 air squats10 handstand push-ups25-ft handstand walk50 air squats 15 handstand push-ups25-ft handstand walk25 air squats 20 handstand push-ups25-ft handstand walk",1039,"17:19","","","[{""secs"":19,""mins"":17}]","",SCALED,
03/11/2023,"PARTNER FOR TIME","Partner For Time:40 hang power cleans80 alternating single-leg squats2,100/3,000-m rowRx (155/225)55+ (125/185)",1200,"20:00","","","[{""mins"":20}]","135#44#",SCALED,
03/13/2023,"FOR TIME","For time:21-18-15-12-9-6-3:DB squats (35/50 lb)DB-facing burpees- Use two DBs.Rx (35/50)55+ (20/35)",759,"12:39","","","[{""secs"":39,""mins"":12}]","20#",SCALED,
03/13/2023,"DAILY LAZY MACROS POINTS","WEEK 2 POINTS (7 possible/day)+2 points for 800g++2 points for protein target+2 for daily task (analyzing week)SHARE TO PACE FIT FAMILY FACEBOOK GROUP+1 point for workout",5,"5","Reps","","[{""reps"":5}]","",RX,
03/14/2023,"BAR MUSCLE-UPS","EMOM 7:001-5 bar muscle-ups",0,"14","Other / Text","","[{""other"":""14""}]","Jumping bar muscle ups",SCALED,
03/14/2023,"2 AMRAPS","AMRAP 3:007 ring dips10 sumo deadlift high pullsRest 5 min then...AMRAP 3:007 pull-ups10 thrusters Rx (55/75)55+ (35/45)",5.004,"5+4","Rounds + Reps","","[{""rnds"":5,""reps"":4}]","",RX,
03/14/2023,"DAILY LAZY MACROS POINTS","WEEK 2 POINTS (7 possible/day)+2 points for 800g++2 points for protein target+2 for daily task (analyzing week)SHARE TO PACE FIT FAMILY FACEBOOK GROUP+1 point for workout",5,"5","Reps","","[{""reps"":5}]","",RX,
03/16/2023,"4 PARTNER ROUNDS","4 x 4:00 rounds for reps with a partner:400-m run40 double-undersMax calorie row in the remaining time- Rest 1:00 between rounds.- Partners run together, complete 40 double-unders each at the same time, and then switch as needed to complete as many calories as possible in the remaining time.",68,"68","Reps","","[{""reps"":68}]","",RX,
03/17/2023,"ST. PATRICKS DAY","For timeBuy-in: 387m row3 ROUNDS17 Toes to bar20 Wallballs23 KB swingsBuy-out: 461m rowRx (35/53)55+ (26/44)",837,"13:57","","","[{""secs"":57,""mins"":13}]","Kipping knee raises14#44#",SCALED,
03/21/2023,"RING DIPS","3 sets:Max unbroken strict ring-dips1:00 plank hold",33,"33","Reps","","[{""reps"":33}]","",RX,
03/21/2023,"2000M ROW","For Time:Row 2000m",469,"7:49","","","[{""secs"":49,""mins"":7}]","",RX,
03/22/2023,"5 PARTNER ROUNDS","5 rounds for time with a partner:20 front squats (75/115 lb)30 kettlebell swings (53/70 lb)40 partner medicine-ball sit-ups (14/20 lb)- Split the squats and swings as needed; one partner works at a time.- Alternate reps on the sit-ups.",1462,"24:22","","","[{""secs"":22,""mins"":24}]","75#53#20#",SCALED,
03/23/2023,"FOR TIME","For time:30 box jump-overs20 shoulder-to-overheads 10 rope climbs- Must clear the box.Rx (20/24 & 95/135)55+ (16/20 & 75/105)",519,"8:39","","","[{""secs"":39,""mins"":8}]","95#",SCALED,
03/24/2023,"DEADLIFT MAXOUT","1 Rep Deadlift Max1-1-1-1-1",315,"315","Load","Deadlift","[{""success"":true,""load"":235},{""success"":true,""load"":245},{""success"":true,""load"":275},{""success"":true,""load"":305},{""success"":true,""load"":315}]","",RX,
03/27/2023,"FOR TIME","For time:10 wall walks800/1,000-m row10 wall walks",597,"9:57","","","[{""secs"":57,""mins"":9}]","",RX,
03/27/2023,"TABATA ABS","4 sets::20 seated leg raises- Rest :10:20 hollow hold- Rest :10",0,"done","Other / Text","","[{""other"":""done""}]","",RX,
03/28/2023,"FRONT SQUAT","On a 6:00 clock: Build to a 2-rep max front squat",145,"145","Load","Front Squat","[{""success"":true,""load"":145}]","",RX,
03/28/2023,"16:00 EMOM","EMOM 16:00Min. 1 | 10/15 cal Echo bikeMin. 2 | 3 clean and jerks- Choose a moderate to heavy load and increase weight as needed for the clean and jerks.",115,"115","Load","","[{""success"":true,""load"":115}]","",RX,
03/29/2023,"30:00 AMRAP","AMRAP 30:00800-m run40 walking lunges20 GHD sit-ups100-m DB farmers carry- Use two DBs for the carry.Rx (25/35)55+ (15/25)",3.016,"3+16","Rounds + Reps","","[{""rnds"":3,""reps"":16}]","",RX,
03/30/2023,"5 PARTNER ROUNDS","5 rounds for time with a partner:  1:00 calorie row  1:00 bench presses Rx (95/135)55+ (65/95)",135,"135","Reps","","[{""reps"":135}]","95#",SCALED,
04/03/2023,"SQUAT COMPLEX","7 Sets1 front squat + 3 back squats",155,"155","Load","","[{""success"":true,""load"":155}]","",RX,
04/04/2023,"PUSH JERKS","EMOM 6:003 push jerks",95,"95","Load","Push Jerk","[{""success"":true,""load"":95},{""success"":true,""load"":95},{""success"":true,""load"":95},{""success"":true,""load"":95},{""success"":true,""load"":95},{""success"":true,""load"":95}]","",RX,
04/04/2023,"FOR TIME","For time:5-10-15-20-25-30:Clean and jerksBurpeesRx (65/95)55+ (45/65)",1341,"22:21","","","[{""secs"":21,""mins"":22}]","65#",SCALED,
04/05/2023,"NANCY","5 rounds for time:• 400m run• 15 Overhead squatsRx (65/95)",878,"14:38","","","[{""secs"":38,""mins"":14}]","65#",SCALED,
04/06/2023,"8:00 EMOM","EMOM 8:004 box step-overs4 box jump4 box jump-overs",0,"done","Other / Text","","[{""other"":""done""}]","",RX,
04/06/2023,"5 ROUNDS","5 rounds:15 DB box-overs200 m run- Use two DBs for the box-overs.Rx (35/50 & 20/24)55+ (20/35 & 16/20)",701,"11:41","","","[{""secs"":41,""mins"":11}]","35#20”",SCALED,
04/07/2023,"16:00 EMOM","EMOM 16:001 - max handstand hold2 - max L-sit hold- Score is total cumulative time combined.",665,"11:05","","","[{""secs"":5,""mins"":11}]","",SCALED,
04/10/2023,"SHOULDER PRESS","Shoulder Press2-2-2-2-2-2-2-2",115,"115","Load","Shoulder Press","[{""success"":true,""load"":70},{""success"":true,""load"":75},{""success"":true,""load"":85},{""success"":true,""load"":95},{""success"":true,""load"":100},{""success"":true,""load"":105},{""success"":true,""load"":110},{""success"":true,""load"":115}]","",RX,
04/10/2023,"Skill Work","2 sets:1:00 max-reps sit-ups...directly into...1:00 cumulative overhead barbell hold (65/95 lb)- Rest 1:00 between sets.",58,"58","Reps","","[{""reps"":58}]","65#",SCALED,
04/11/2023,"FRAN","21-15-9 reps for time of:• Thruster 95/65#• Pull-ups",392,"6:32","","","[{""secs"":32,""mins"":6}]","65#",SCALED,
04/12/2023,"DB SNATCHES","Every 2:00 x 5 sets:6 alternating DB squat snatches",20,"20","Load","","[{""success"":true,""load"":20}]","",RX,
04/12/2023,"5 ROUNDS FOR TIME","5 rounds for time:20 alternating single-leg squats20 alternating DB snatches Rx (35/50)55+ (20/35)",763,"12:43","","","[{""secs"":43,""mins"":12}]","35#",SCALED,
04/14/2023,"TOTAL REPETITIONS","For total reps:1:00 double-unders1:00 air squats2:00 double-unders2:00 kettlebell swings3:00 double-unders3:00 burpeesRx (35/53)55+ (26/44)",278,"278","Reps","","[{""reps"":278}]","44#",SCALED,
04/17/2023,"FOR TIME","- RX -For time:21-18-15-12-9-6-3:Toes-to-barsBox jump-overs (24/30 in)- INTERMEDIATE -For time:18-15-12-9-6-3:Toes-to-barsBox jump-overs (20/24 in)- BEGINNER -For time:18-15-12-9-6-3:Hanging knee raisesBox step-ups (12/20 in)",663,"11:03","","","[{""secs"":3,""mins"":11}]","Knee to chest24”",SCALED,
04/18/2023,"10:00 AMRAP","- RX -AMRAP 10:3 wall-ball shots (14/20 lb)3 ring dips6 wall-ball shots6 ring dips9 wall-ball shots9 ring dipsEtc …- Continue to add 3 reps to both movements until time expires.- INTERMEDIATE -AMRAP 10:3 wall-ball shots (10/14 lb)1 ring dips6 wall-ball shots2 ring dips9 wall-ball shots3 ring dipsEtc …- Continue to add 3 reps to the wall-balls and 1 rep to the ring dips until time expires.- BEGINNER -AMRAP 10:3 wall-ball shots (6/10 lb)3 foot-assisted ring dips6 wall-ball shots6 foot-assisted ring dips9 wall-ball shots9 foot-assisted ring dipsEtc …- Continue to add 3 reps to both movements until time expires.",4.024,"4+24","Rounds + Reps","","[{""rnds"":4,""reps"":24}]","",RX,
04/18/2023,"HANG SQUAT CLEAN","5:00 EMOM3 hang squat cleans- Build in load.",155,"155","Load","Hang Squat Clean","[{""success"":true,""load"":95},{""success"":true,""load"":115},{""success"":true,""load"":125},{""success"":true,""load"":135},{""success"":true,""load"":155}]","",RX,
04/20/2023,"5 ROUNDS FOR METERS","5 Rounds for meters:20 Pulls on the rower1:00 Rest",1245,"1245","Meters","","[{""meters"":1245}]","",RX,
04/20/2023,"10 ROUNDS FOR TIME","- RX -10 rounds for time:1 legless rope climb (15 ft)200/250-m row- Rest 1:00 between rounds.- INTERMEDIATE -10 rounds for time:1 rope climb (15 ft)200/250-m row- Rest 1:00 between rounds.- BEGINNER -10 rounds for time:3 pull-to-stands150-m row- Rest 1:00 between rounds.",1368,"22:48","","","[{""secs"":48,""mins"":22}]","",RX,
04/21/2023,"BARBARA ANN","- RX -5 rounds for time:20 handstand push-ups30 deadlifts (95/135 lb)40 sit-ups50 double-unders- Rest 3:00 between rounds.- INTERMEDIATE -5 rounds for time:20 DB push presses (20/35 lb)30 deadlifts (65/95 lb)40 sit-ups:30 double-unders- Rest 3:00 between rounds.- BEGINNER -5 rounds for time:10 DB push presses (10/15 lb)20 deadlifts (55/75 lb)20 sit-ups50 single-unders- Rest 3:00 between rounds.",2278,"37:58","","","[{""secs"":58,""mins"":37}]","35#95#25 DU",SCALED,PR
04/26/2023,"POWER CLEAN","Power Clean for load:5-5-3-3-3-1-1-1-1",185,"185","Load","Power Clean","[{""success"":true,""load"":95},{""success"":true,""load"":105},{""success"":true,""load"":115},{""success"":true,""load"":125},{""success"":true,""load"":135},{""success"":true,""load"":135},{""success"":true,""load"":145},{""success"":true,""load"":155},{""success"":true,""load"":185}]","",RX,
04/27/2023,"12:00 AMRAP","- RX -AMRAP 12:9 DB thrusters (20/35 lb) 5 Knees to elbow- Use two DBs.- INTERMEDIATE -AMRAP 12:9 DB thrusters (20/35 lb) 5 Knees to chest- BEGINNER -AMRAP 12:9 DB thrusters (10/15 lb) 5 high knees",12.006,"12+6","Rounds + Reps","","[{""rnds"":12,""reps"":6}]","20#",SCALED,
05/01/2023,"POWER CLEAN","Every :30 for 10 sets:2 power cleans- Must be touch-and-go reps.",115,"115","Load","Power Clean","[{""success"":true,""load"":115}]","",RX,PR
05/01/2023,"FOR TIME","- RX -For time:30 hang power cleans (65/95 lb)40 deadlifts 400/500-m row- INTERMEDIATE -For time:30 hang power cleans (55/75 lb)40 deadlifts 400/500-m row- BEGINNER -For time:30 hang power cleans (35/45 lb)40 deadlifts 250/300-m row",318,"5:18","","","[{""secs"":18,""mins"":5}]","",RX,
05/02/2023,"CINDY","- RX -AMRAP 20:5 pull-ups10 push-ups15 air squats- INTERMEDIATE - Same as Rxd- BEGINNER -Every 2:00 x 10 rounds:5 ring rows10 knee push-ups15 air squats",16,"16","Rounds + Reps","","[{""rnds"":16}]","",RX,
05/03/2023,"2 ROUNDS","2 sets:2:00 plank hold30 strict sit-ups",0,"done","Other / Text","","[{""other"":""done""}]","",RX,
05/03/2023,"EVERY 3:00 for 21:00","- RX -Every 3:00 x 7 sets:400-m run- Score is your slowest 400-m time.- INTERMEDIATE - Same as Rxd- BEGINNER -Every 3:00 x 7 sets:200-m run- Score is your slowest 200-m time.",86,"1:26","","","[{""secs"":26,""mins"":1}]","",RX,
05/05/2023,"Clean","4x2@ 82%",145,"145","Load","","[{""success"":true,""load"":145},{""success"":true,""load"":145},{""success"":true,""load"":145},{""success"":true,""load"":145}]","",RX,
05/05/2023,"POWER SNATCHES","- RX -Power snatch 5-5-5-5-5-5-5- INTERMEDIATE - Same as Rxd- BEGINNER -Hang power snatch 5-5-5-5-5-5-5",105,"105","Load","Power Snatch","[{""success"":true,""load"":85},{""success"":true,""load"":85},{""success"":true,""load"":85},{""success"":true,""load"":95},{""success"":true,""load"":95},{""success"":true,""load"":105},{""success"":true,""load"":105}]","",RX,PR
05/05/2023,"Tempo Back Squat","4x4 @72%3 Seconds down, no pause at the bottom, fast up",155,"155","Load","","[{""success"":true,""load"":155},{""success"":true,""load"":155},{""success"":true,""load"":155},{""success"":true,""load"":155}]","",RX,
05/05/2023,"EVERY 2:00 FOR 6:00","5 hang muscle snatches- Build to a heavy set of 5 reps.",85,"85","Load","Muscle Snatch","[{""success"":true,""load"":85}]","",RX,
05/05/2023,"Snatch","4x2 @80%",100,"100","Load","","[{""success"":true,""load"":100},{""success"":true,""load"":100},{""success"":true,""load"":100},{""success"":true,""load"":100}]","",RX,
05/06/2023,"PARTNERED FOR TIME","- RX -For time with a partner: 1-2-3-4-5-6-7-8-9-10-10-9-8-7-6-5-4-3-2-1:Wall-ball shots (14/20 lb)(9/10 ft)Toes-to-bars- INTERMEDIATE - For time with a partner: 1-2-3-4-5-6-7-8-9-10-10-9-8-7-6-5-4-3-2-1:Wall-ball shots (14/20 lb)(9/10 ft)Knees-to-chests- BEGINNER -For time with a partner: 1-2-3-4-5-6-7-8-8-7-6-5-4-3-2-1:Wall-ball shots (8/12 lb)(9/10 ft)Hanging knee raises*Non-working partner hangs from the pull-up bar.",1005,"16:45","","","[{""secs"":45,""mins"":16}]","14#Hanging knee raises",SCALED,
05/08/2023,"ANGIE","- RX -For time:100 pull-ups100 push-ups100 sit-ups100 squats- INTERMEDIATE -For time:50 pull-ups60 push-ups70 sit-ups80 squats- BEGINNER -For time:40 jumping pull-ups50 hand-elevated push-ups60 sit-ups70 squats- Spend no more than 5:00 on each movement.",1700,"28:20","","","[{""secs"":20,""mins"":28}]","",RX,PR
05/10/2023,"FOR TIME","- RX -For time:10-8-6-4-2:Squat snatches (115/165 lb)- Perform 3 wall walks after each set.- INTERMEDIATE -For time:10-8-6-4-2:Squat snatches (75/115 lb)- Perform 3 wall walks after each set.- BEGINNER -For time:10-8-6-4-2:Hang squat snatches (35/45 lb)- Perform 2 partial range of motion wall walks after each set.",818,"13:38","","","[{""secs"":38,""mins"":13}]","95#",SCALED,
05/10/2023,"OVERHEAD SQUATS","Overhead Squats3-3-3-3- Build to your heaviest set.",115,"115","Load","Overhead Squat","[{""success"":true,""load"":95},{""success"":true,""load"":105},{""success"":true,""load"":115},{""success"":false,""load"":125}]","",RX,
05/12/2023,"GOOD MORNINGS","Accumulate:50 barbell or PVC good mornings",50,"50","Load","","[{""success"":true,""load"":50}]","",RX,
05/12/2023,"3 ROUNDS FOR TIME","- RX -3 rounds for time:50 up-downs1:00 seated L-sit hold- Accumulate a total of 1:00 in the L-sit per round.- INTERMEDIATE -3 rounds for time:40 up-downs1:00 seated L-sit hold (knees bent)- Accumulate a total of 1:00 in the L-sit per round.- BEGINNER -3 rounds for time:30 up-downs:30 seated L-sit hold (knees bent)- Accumulate a total of :30 in the L-sit per round.",810,"13:30","","","[{""secs"":30,""mins"":13}]","",SCALED,
05/15/2023,"4 ROUNDS FOR REPS","- RX -4 rounds for reps:1:00 calorie row1:00 Russian kettlebell swings (53/70 lb)1:00 burpees1:00 wall-ball shots (14/20 lb)(9/10 ft)1:00 rest- INTERMEDIATE -4 rounds for reps:1:00 calorie row1:00 Russian kettlebell swing (35/53 lb)1:00 burpees1:00 wall balls (14/20 lb)(9/10 ft)1:00 rest- BEGINNER -4 rounds for reps:1:00 calorie row1:00 Russian kettlebell swing (18/35 lb)1:00 burpees1:00 wall balls (10/14 lb)(9/10 ft)1:00 rest",250,"250","Reps","","[{""reps"":250}]","53#18#",SCALED,
05/17/2023,"7 SETS FOR LOAD","- RX -7 sets for load:1 power clean1 hang power clean1 jerk- INTERMEDIATE -Same as Rxd- BEGINNER -7 sets for load:3 power cleans3 hang power cleans3 jerks",175,"175","Load","","[{""success"":true,""load"":175}]","",RX,
05/29/2023,"MURPH","- RX -For time:1-mile run100 pull-ups200 push-ups300 air squats1-mile run- Partition the pull-ups, push-ups, and squats as needed. Start and finish with a 1-mile run. If you have a 20-lb vest or body armor, wear it.- INTERMEDIATE -For time:1-mile run 50 pull-ups100 push-ups150 air squats1-mile run- Partition the pull-ups, push-ups, and squats as needed. Head out for the second run no later than 25:00.- BEGINNER -For time:800m run -then-10 rounds:5 ring rows10 push-ups with hands elevated on a box15 air squats-then-800m run- Partition the pull-ups, push-ups, and squats as needed. Head out for the second run no later than 20:00.",2956,"49:16","","","[{""secs"":16,""mins"":49}]","",SCALED,
05/30/2023,"SHOULDER PRESS","10:00 to work to a heavy 2-rep-max shoulder press.",115,"115","Load","Shoulder Press","[{""success"":true,""load"":115}]","",RX,
05/30/2023,"10:00 EMOM","- RX -EMOM 10:7 DB shoulder presses (35/50 lb)AMRAP calorie row OR bike- Use two DBs.- INTERMEDIATE -EMOM 10:7 DB shoulder presses (20/35 lb)AMRAP calorie row OR bike- Use two DBs.- BEGINNER -EMOM 10:7 DB shoulder presses (10/25 lb)AMRAP calorie row OR bike- Use two DBs.",85,"85","Calories","","[{""calories"":85}]","25#",SCALED,
05/31/2023,"SKILL WORK","5x10 suitcase deadlifts",53,"53","Load","","[{""success"":true,""load"":53}]","",RX,
05/31/2023,"5 ROUNDS FOR TIME","- RX -5 rounds for time:40 double-unders30 box step-ups (20/24 in)20 KB swings (35/53 lb)- INTERMEDIATE -5 rounds for time::30 double-under attempts30 box step-ups (20/24 in)20 KB swings (26/35 lb)- BEGINNER -5 rounds for time::30 penguin hops20 box step-ups (20/24 in)10 Russian KB swings (26/35 lb)",1177,"19:37","","","[{""secs"":37,""mins"":19}]","",RX,
06/01/2023,"BACK SQUAT","- RX -5-5-3-3-1-1-1:Back squat- INTERMEDIATE -Same as Rxd- BEGINNER -7-7-5-5-3-3-3:Back squat",185,"185","Load","Back Squat","[{""success"":true,""load"":135},{""success"":true,""load"":155},{""success"":true,""load"":165},{""success"":true,""load"":175},{""success"":true,""load"":185},{""success"":false,""load"":205},{""success"":true,""load"":185}]","",RX,
06/02/2023,"HANG POWER SNATCH","Every 2:00 for 12:003 hang power snatches*ascending load",115,"115","Load","Hang Power Snatch","[{""success"":true,""load"":65},{""success"":true,""load"":75},{""success"":true,""load"":85},{""success"":true,""load"":95},{""success"":true,""load"":105},{""success"":true,""load"":115}]","",RX,
06/02/2023,"21-15-9 FOR TIME","- RX -For time:21-15-9:Hang power snatches (65/95 lb)Toes-to-bars- INTERMEDIATE -For time:21-15-9:Hang power snatches (55/75 lb)Feet-above-shoulders- BEGINNER -For time:21-15-9:Hang power snatches (35/45 lb)Hanging knee raises",310,"5:10","","","[{""secs"":10,""mins"":5}]","65#Knees to chest",SCALED,
06/05/2023,"STRENGTH I","For load:7 sets:6 alternating back rack lunges- Increase loading across as many sets as possible.",105,"105","Load","","[{""success"":true,""load"":105}]","",RX,
06/06/2023,"Back Rack Lunges 7x6","Back Rack Lunges for load: #1:  6 reps #2:  6 reps #3:  6 reps #4:  6 reps #5:  6 reps #6:  6 reps #7:  6 reps",105,"105","Load","Back Rack Lunges","[{""success"":true,""load"":45},{""success"":true,""load"":65},{""success"":true,""load"":75},{""success"":true,""load"":75},{""success"":true,""load"":85},{""success"":true,""load"":95},{""success"":true,""load"":105}]","",RX,
06/06/2023,"DEADLIFTS","- RX -5 sets:3 deadlifts - Maintain same load across all sets. - Rest 2:00 between sets.- INTERMEDIATE -Same as RX’d- BEGINNER -5 sets:5 deadlifts - Maintain same load across all sets. - Rest 2:00 between sets.",255,"255","Load","Deadlift","[{""success"":true,""load"":255},{""success"":true,""load"":255},{""success"":true,""load"":255},{""success"":true,""load"":255},{""success"":true,""load"":255}]","",RX,
06/07/2023,"16:00 EMOM","- RX -EMOM 16:Even minutes: 3 rope climbsOdd minutes: 12 DB reverse lunges (35/50 lb)- Use 2 DBs for the lunges, held as desired.- INTERMEDIATE -EMOM 16:Even minutes: 1 rope climbOdd minutes: 12 DB reverse lunges (20/35 lb)- Use 2 DBs for the lunges, held as desired.- BEGINNER -EMOM 16:Even minutes: 3 pull-to-standsOdd minutes: 8 DB reverse lunges (10/15 lb or unweighted)- Use 2 DBs for the lunges, held as desired.",0,"🪦","Other / Text","","[{""other"":""🪦""}]","13 legless rope climbs35#",SCALED,
06/08/2023,"Front Squat 1x1","Front Squat for load: #1:  1 rep ",170,"170","Load","Front Squat","[{""success"":true,""load"":170}]","",RX,
06/08/2023,"Power Clean 1x1","Power Clean for load: #1:  1 rep ",170,"170","Load","Power Clean","[{""success"":true,""load"":170}]","",RX,
06/08/2023,"6 ROUNDS FOR TIME","- RX -6 rounds for time:9 hang squat cleans (105/155 lb)6 bar muscle-ups- INTERMEDIATE -6 rounds for time:9 hang squat cleans (75/115 lb)6 chest-to-bar pull-ups- BEGINNER -6 rounds for time:9 hang squat cleans (55/75 lb)12 jumping pull-ups",885,"14:45","","","[{""secs"":45,""mins"":14}]","105#Kipping pull-ups",SCALED,
06/08/2023,"POWER CLEAN + FRONT SQUAT","On a 10:00 clock:Build to a heavy power clean + front squat.",170,"170","Load","","[{""success"":true,""load"":170}]","",RX,
06/09/2023,"Snatch pull + High Hang Snatch + OHS","3x (1+1+1) @ 80 of Snatch",95,"95","Load","","[{""success"":true,""load"":95},{""success"":true,""load"":95},{""success"":true,""load"":95}]","",RX,
06/09/2023,"Clean Pull to Toes + Hang Clean","4x ( 1+1) @ 82% of Clean",145,"145","Load","","[{""success"":true,""load"":145},{""success"":true,""load"":145},{""success"":true,""load"":145},{""success"":true,""load"":145}]","",RX,
06/09/2023,"Front Squat","5x4 @ 80%",135,"135","Load","","[{""success"":true,""load"":135},{""success"":true,""load"":135},{""success"":true,""load"":135},{""success"":true,""load"":135},{""success"":true,""load"":135}]","",RX,
06/10/2023,"TRIPLE BROAD JUMP","5 sets for distance:Triple broad jump- Rest as needed between attempts.",306,"25 6""","Feet","","[{""inches"":6,""feet"":25}]","",RX,
06/10/2023,"20:00 AMRAP","- RX -AMRAP 20 with a partner:100-ft sled drag12 alt. DB snatches (35/50 lb)100-ft sled drag- INTERMEDIATE -AMRAP 20:100-ft sled drag12 alt. DB snatches (20/35 lb)100-ft sled drag- BEGINNER -AMRAP 20:100-ft sled drag12 alt. DB snatches (15/20 lb)100-ft sled drag",7.012,"7+12","Rounds + Reps","","[{""rnds"":7,""reps"":12}]","115#40#",SCALED,
06/12/2023,"Strict Press","5x5- highest weight from last weight- across",105,"105","Load","","[{""success"":true,""load"":95},{""success"":true,""load"":105},{""success"":false,""load"":110}]","",RX,
06/12/2023,"Accessory:","Band Tricep Extensions + Deficit Push Ups4 Rounds- Super Set- 1 Min rest in between sets15 + 15",0,"0","Load","","[{""success"":true}]","Red bandPush ups from blue blocks ",SCALED,
06/12/2023,"5 ROUNDS FOR TIME","- RX -5 rounds for time:14 alternating DB single-leg squats (20/35 lb)7 push jerks (105/155 lb)- Use a single DB.- INTERMEDIATE -5 rounds for time:14 alternating single-leg squats (15/25 lb)7 push jerks (75/115 lb)- BEGINNER -5 rounds for time:14 alternating DB reverse lunges (10/15 lb)7 push jerks (35/45 lb)- Use a single DB.",518,"8:38","","","[{""secs"":38,""mins"":8}]","Reverse lunges 35#115#",SCALED,
06/12/2023,"Front Squat + Split Jerk","2 Front Squats + 1 Split Jerk @ 85%4x(2+1)",145,"145","Load","","[{""success"":true,""load"":145},{""success"":true,""load"":115},{""success"":true,""load"":115},{""success"":true,""load"":115}]","Dropped down to accommodate back",RX,
06/12/2023,"PUSH JERKS","Push Jerks2-2-2-2-2- Barbell comes from the floor.- Build to a heavy double.",155,"155","Load","Push Jerk","[{""success"":true,""load"":65},{""success"":true,""load"":95},{""success"":true,""load"":115},{""success"":true,""load"":135},{""success"":true,""load"":155}]","",RX,
06/12/2023,"Snatch w/ pause at receiving position","Snatch w/ pause at receiving position for 2 seconds4x2 @ 75%",95,"95","Load","","[{""success"":true,""load"":95},{""success"":true,""load"":95},{""success"":true,""load"":95},{""success"":true,""load"":95}]","",RX,
06/13/2023,"Back Squat 5x3","Back Squat for load: #1:  3 reps #2:  3 reps #3:  3 reps #4:  3 reps #5:  3 reps",155,"155","Load","Back Squat","[{""success"":true,""load"":145},{""success"":true,""load"":155},{""success"":true,""load"":155},{""success"":true,""load"":155},{""success"":true,""load"":155}]","Open gym",RX,
06/14/2023,"Back Squat 5x5","Back Squat for load: #1:  5 reps #2:  5 reps #3:  5 reps #4:  5 reps #5:  5 reps",155,"155","Load","Back Squat","[{""success"":true,""load"":135},{""success"":true,""load"":155},{""success"":true,""load"":155},{""success"":true,""load"":155},{""success"":true,""load"":155}]","",RX,
06/14/2023,"WEIGHTED PULL-UP","On a 3:00 clock:Find a 1-rep-max weighted pull-up.",30,"30","Load","","[{""success"":true,""load"":30}]","",RX,PR
06/14/2023,"NICOLE","- RX -AMRAP 20:400-m runMax pull-ups in a single set- INTERMEDIATE -AMRAP 20:400-m run5-10 pull-ups- BEGINNER -AMRAP 8:200-m run8 ring rowsRest 4:00AMRAP 8:200-m run8 ring rows",54,"54","Reps","","[{""reps"":54}]","Strict pull-ups",RX,
06/16/2023,"Snatch 1x2","Snatch for load: #1:  2 reps",125,"125","Load","Snatch","[{""success"":true,""load"":125}]","",RX,
06/16/2023,"Clean Pull to Toes + Hang Clean","4x ( 1+1) @ 85% of Clean",145,"145","Load","","[{""success"":true,""load"":145},{""success"":true,""load"":145},{""success"":true,""load"":145}]","",RX,
06/16/2023,"Snatch pull + High Hang Snatch + OHS","3x (1+1+1) @ 83% of Snatch",115,"115","Load","","[{""success"":true,""load"":115},{""success"":true,""load"":115},{""success"":true,""load"":115}]","",RX,
06/16/2023,"Front Squat","5x3 @ 85%",145,"145","Load","","[{""success"":true,""load"":145},{""success"":true,""load"":145},{""success"":true,""load"":145},{""success"":true,""load"":145},{""success"":true,""load"":145}]","",RX,
06/16/2023,"Skill Work","Post-workout:3 sets::30 hollow rocks10 strict toes-to-bars",0,"","Other / Text","","[{}]","",RX,
06/16/2023,"SNATCHES","- RX -For load:10-8-6-4-2:Snatches- Sets must be unbroken. Athletes may power snatch or squat snatch.- INTERMEDIATE -Same as RX’d- BEGINNER -Same as RX’d",115,"115","Load","","[{""success"":true,""load"":115}]","",RX,
06/19/2023,"RANDY","- RX -For time:75 power snatches (55/75 lb)- INTERMEDIATE -For time:75 power snatches (45/55 lb)- BEGINNER -For time:50 power snatches (35/45 lb)",520,"8:40","","","[{""secs"":40,""mins"":8}]","",RX,PR
06/20/2023,"FOR TIME","- RX -For time:21-15-9:Deadlifts (155/225 lb)Lateral burpees over the barbell- INTERMEDIATE -For time:21-15-9:Deadlifts (125/185 lb)Lateral burpees over the barbell- BEGINNER -For time:21-15-9:Deadlifts (95/135 lb)Lateral burpees over the barbell",388,"6:28","","","[{""secs"":28,""mins"":6}]","Intermediate (185#)",SCALED,
06/20/2023,"EVERY 2:00 FOR 6:00","Every 2:00 x 3 sets:1-10 unbroken strict chin-ups",30,"30","Reps","","[{""reps"":30}]","+7 pull-ups in the beginning",RX,
06/21/2023,"Back Squat 6x2","Back Squat for load: #1:  2 reps #2:  2 reps #3:  2 reps #4:  2 reps #5:  2 reps #6:  2 reps",205,"205","Load","Back Squat","[{""success"":true,""load"":165},{""success"":true,""load"":165},{""success"":true,""load"":205},{""success"":true,""load"":205},{""success"":true,""load"":205},{""success"":true,""load"":205}]","",RX,
06/21/2023,"Deadlift 1x3","Deadlift for load: #1:  3 reps",275,"275","Load","Deadlift","[{""success"":true,""load"":275}]","",RX,
06/21/2023,"MAX EFFORT","Max-effort hanging L-sit hold- All athletes start together.",16,"0:16","","","[{""secs"":16,""mins"":0}]","",SCALED,
06/21/2023,"4 Pause Snatch Pulls","4x3 @ 90% of SnatchPause at each of the positions- 1 "" off the ground- Just Below the Knees- Just above the Knees- Power Position",115,"115","Load","","[{""success"":true,""load"":115},{""success"":true,""load"":115},{""success"":true,""load"":115},{""success"":true,""load"":115}]","",RX,
06/21/2023,"Back Squat","6x2 @ 87%",205,"205","Load","","[{""success"":true,""load"":165},{""success"":true,""load"":165},{""success"":true,""load"":205},{""success"":true,""load"":205},{""success"":true,""load"":205},{""success"":true,""load"":205}]","",RX,
06/21/2023,"Deadlift","3x4 for heaviest triple of last week",275,"275","Load","","[{""success"":true,""load"":225},{""success"":true,""load"":255},{""success"":true,""load"":275}]","",RX,
06/21/2023,"BENCH PRESS","- RX -For load:10-10-10-10-10:Bench press- INTERMEDIATE -Same as Rxd- BEGINNER -Same as Rxd",140,"140","Load","Bench Press","[{""success"":true,""load"":115},{""success"":true,""load"":125},{""success"":true,""load"":135},{""success"":true,""load"":140},{""success"":false,""load"":145}]","",RX,
06/22/2023,"EVERY 5:00 FOR 15:00","- RX -Every 5:00 x 3 sets for reps:800-m runMax reps DB box step-ups (20/24 in) (35/50 lb)- Use one DB.- INTERMEDIATE -Every 5:00 x 3 sets for reps:400-m runMax reps DB box step-ups (20/24 in) (25/35 lb)- Use one DB.- BEGINNER -Every 5:00 x 3 sets for reps:400-m runMax reps box step-ups (20 in)",38,"38","Reps","","[{""reps"":38}]","20”35#",SCALED,
06/22/2023,"3 SETS","3 sets:15 V-ups:15 hollow hold20 alternating plank shoulder taps",0,"🫥","Other / Text","","[{""other"":""🫥""}]","",RX,
06/23/2023,"Snatch pull + High Hang Snatch + OHS","3x (1+1+1) @ 86% of Snatch",115,"115","Load","","[{""success"":true,""load"":115},{""success"":true,""load"":115},{""success"":true,""load"":115}]","With a bunch of misses in between",RX,
06/23/2023,"Front Squat","5x2 @ 89%",155,"155","Load","","[{""success"":true,""load"":155},{""success"":true,""load"":155},{""success"":true,""load"":155},{""success"":true,""load"":155},{""success"":true,""load"":155}]","Easy",RX,
06/23/2023,"Clean Pull to Toes + Hang Clean","3x ( 1+1) @ 89% of Clean",155,"155","Load","","[{""success"":true,""load"":155},{""success"":true,""load"":155},{""success"":true,""load"":155}]","",RX,
06/24/2023,"8 ROUNDS FOR TIME","- RX - 8 Rounds10 KB sumo deadlift high pulls (35/53 lb)8 box jumps (20/24 in)6 sit-ups- One partner completes a whole round at a time, then switch.  - Sprint!- INTERMEDIATE -KB sumo deadlift high pulls (26/35 lb)box jumps (20/24 in)sit-ups- BEGINNER -KB sumo deadlift high pulls (18/26 lb)box jumps (16/20 in)sit-ups",456,"7:36","","","[{""secs"":36,""mins"":7}]","35#24”",SCALED,
06/26/2023,"SNATCH COMPLEX","12:00 to build up to a heavy complex:3 muscle snatches +  2 power snatches + overhead squat",95,"95","Load","","[{""success"":true,""load"":95}]","",RX,
06/26/2023,"NANCY","- RX -5 rounds for time:400-m run15 overhead squats (65/95 lb)- INTERMEDIATE -5 rounds for time:400-m run15 overhead squats (45/65 lb)- BEGINNER -3 rounds for time:400-m run15 overhead squats (PVC or empty barbell)",866,"14:26","","","[{""secs"":26,""mins"":14}]","65#",SCALED,
06/28/2023,"Back Squat 6x1","Back Squat for load: #1:  1 rep  #2:  1 rep  #3:  1 rep  #4:  1 rep  #5:  1 rep  #6:  1 rep ",225,"225","Load","Back Squat","[{""success"":true,""load"":225},{""success"":true,""load"":225},{""success"":true,""load"":225},{""success"":true,""load"":225},{""success"":true,""load"":225},{""success"":true,""load"":225}]","",RX,
06/28/2023,"Deadlift","4x4 for heaviest triple of last week",275,"275","Load","","[{""success"":true,""load"":275},{""success"":true,""load"":275},{""success"":true,""load"":275},{""success"":true,""load"":275}]","",RX,
06/28/2023,"12:00 AMRAP","- RX -AMRAP 12:10 DB snatches (35/50 lb)10 burpee box jump-overs (20/24 in)- INTERMEDIATE -AMRAP 12:10 DB snatches (25/35 lb)8 burpee box jump-overs (20/24 in)- BEGINNER -AMRAP 12:10 DB snatches (15/25 lb)6 burpee box step-overs (12 in)",6,"6","Rounds + Reps","","[{""rnds"":6}]","40#",SCALED,
06/28/2023,"4 Pause Snatch Pulls","4x3 @ 95% of SnatchPause at each of the positions- 1 "" off the ground- Just Below the Knees- Just above the Knees- Power Position",125,"125","Load","","[{""success"":true,""load"":125},{""success"":true,""load"":125},{""success"":true,""load"":125},{""success"":true,""load"":125}]","",RX,
06/28/2023,"Back Squat","6x1 @ 91%",225,"225","Load","","[{""success"":true,""load"":225},{""success"":true,""load"":225},{""success"":true,""load"":225},{""success"":true,""load"":225},{""success"":true,""load"":225},{""success"":true,""load"":225}]","",RX,
06/29/2023,"3 x 3:00 AMRAP","- RX -3 x AMRAP 3:20 wall-ball shots (14/20 lb) (9/10 ft)15 toes-to-bars- Rest 2:00 between AMRAPs.- INTERMEDIATE -3 x AMRAP 3:15 wall-ball shots (14/20 lb) (9/10 ft)10 toes-to-bars- Rest 2:00 between AMRAPs.- BEGINNER -3 x AMRAP 3:10 wall-ball shots (10/14 lb) (8/9 ft)10 hanging knee raises- Rest 2:00 between AMRAPs.",3.028,"3+28","Rounds + Reps","","[{""rnds"":3,""reps"":28}]","14#",SCALED,
06/30/2023,"Snatch pull + High Hang Snatch + OHS","3x (1+1+1) @ 89% of Snatch",115,"115","Load","","[{""success"":true,""load"":115},{""success"":true,""load"":115},{""success"":true,""load"":115}]","With a slew of misses",RX,
06/30/2023,"Front Squat","4x1 @ 92%",175,"175","Load","","[{""success"":true,""load"":175},{""success"":true,""load"":175},{""success"":true,""load"":175},{""success"":true,""load"":175}]","",RX,
06/30/2023,"Clean Pull to Toes + Hang Clean","2x ( 1+1) @ 92% of Clean",160,"160","Load","","[{""success"":true,""load"":160},{""success"":true,""load"":160}]","+ 1 x 165#",RX,
07/03/2023,"TABATA DOUBLE UNDERS","8 rounds for reps::20 double-unders:10 rest",161,"161","Reps","","[{""reps"":161}]","",RX,
07/03/2023,"EVERY 2:00 FOR 20:00","- RX -Every 2:00 for 20:00:1 power snatch1 hang squat snatch1 high hang squat snatch- INTERMEDIATE -Same as RX’d.- BEGINNER -Every 2:00 for 20:00:3 power snatches3 hang power snatches3 overhead squats",115,"115","Load","","[{""success"":true,""load"":115}]","",RX,
07/04/2023,"LOREDO","- RX -6 rounds for time:24 squats24 push-ups24 walking lunge steps400-m run- INTERMEDIATE -6 rounds for time:18 squats18 push-ups18 walking lunge steps400-m run- BEGINNER -4 rounds for time:14 squats14 push-ups from the knees14 walking lunge steps400-m run",1645,"27:25","","","[{""secs"":25,""mins"":27}]","",RX,
07/05/2023,"Deadlift 3x5","Deadlift for load: #1:  5 reps #2:  5 reps #3:  5 reps",275,"275","Load","Deadlift","[{""success"":true,""load"":275},{""success"":true,""load"":275},{""success"":true,""load"":275}]","",RX,
07/05/2023,"SHOULDER PRESS","- RX -5 sets:3 shoulder presses- Build to a heavy set of 3 and maintain for all 5 sets.- INTERMEDIATE -Same as RX’d.- BEGINNER -5 sets:5 shoulder presses- Build to a moderate set of 5 and maintain for all 5 sets.",105,"105","Load","Shoulder Press","[{""success"":true,""load"":105},{""success"":true,""load"":105},{""success"":true,""load"":105},{""success"":true,""load"":105},{""success"":true,""load"":105}]","",RX,
07/05/2023,"Back Squat 1x1","Back Squat for load: #1: 1 rep",230,"230","Load","Back Squat","[{""success"":true,""load"":230}]","",RX,PR
07/05/2023,"Deadlift","4x4 for heaviest triple of last week",275,"275","Load","","[{""success"":true,""load"":275},{""success"":true,""load"":275},{""success"":true,""load"":275}]","",RX,
07/07/2023,"Front Squat 1x1","Front Squat for load: #1:  1 rep ",205,"205","Load","Front Squat","[{""success"":true,""load"":205}]","",RX,PR
07/07/2023,"12:00 AMRAP","- RX -AMRAP 12:12 deadlifts (105/155 lb)12 bar-facing burpees- INTERMEDIATE -AMRAP 12:12 deadlifts (85/115 lb)10 bar-facing burpees- BEGINNER -AMRAP 12:12 deadlifts (65/95 lb)8 burpees",6.002,"6+2","Rounds + Reps","","[{""rnds"":6,""reps"":2}]","",RX,
07/07/2023,"Clean Pull to Toes + Hang Clean","2x ( 1+1) @ 92% of Clean",155,"155","Load","","[{""success"":true,""load"":155}]","",RX,
07/07/2023,"Front Squat","4x1 @ 92%",205,"205","Load","","[{""success"":true,""load"":0},{""success"":true},{""success"":true},{""success"":true,""load"":205}]","",RX,
07/07/2023,"Snatch pull + High Hang Snatch + OHS","3x (1+1+1) @ 89% of Snatch",115,"115","Load","","[{""success"":true,""load"":115}]","",RX,
07/10/2023,"Clean + Front Squat + Jerk","3x(1+3-1) @ 70% of Clean and Jerk",125,"125","Load","","[{""success"":true,""load"":125},{""success"":true,""load"":125},{""success"":true,""load"":125}]","",RX,
07/10/2023,"Back Squat 5x6","5x6 @ 72%",165,"165","Load","Back Squat","[{""success"":true,""load"":165},{""success"":true,""load"":165},{""success"":true,""load"":165},{""success"":true,""load"":165},{""success"":true,""load"":165}]","",RX,
07/10/2023,"Snatch 5x3","5x3 @70%",95,"95","Load","Snatch","[{""success"":true,""load"":95},{""success"":true,""load"":95},{""success"":true,""load"":95},{""success"":true,""load"":95},{""success"":true,""load"":95}]","",RX,
07/10/2023,"3X5:00 AMRAP","- RX -AMRAP 5:10 alternating single-leg squats30 double-unders15 pull-ups1:00 restAMRAP 5:10 alternating single-leg squats30 double-unders12 chest-to-bar pull-ups1:00 restAMRAP 5:10 alternating single-leg squats30 double-unders9 bar muscle-ups- INTERMEDIATE - AMRAP 5:6 alternating single-leg squats30 double-unders15 ring rows1:00 rest AMRAP 5:6 alternating single-leg squats30 double-unders12 pull-ups1:00 restAMRAP 5:6 alternating single-leg squats30 double-unders9 chest-to-bar pull-ups- BEGINNER -AMRAP 5:10 alternating backstep lunges30 double-unders15 jumping pull-ups1:00 rest AMRAP 5:10 alternating backstep lunges30 double-unders12 ring rows1:00 rest AMRAP 5:10 alternating backstep lunges30 double-unders9 banded strict pull-ups",2,"2","Rounds + Reps","","[{""rnds"":1,""reps"":36},{""rnds"":2,""reps"":0},{""rnds"":1}]","",SCALED,
07/12/2023,"Push Press 1x2","Find a Heavy 2 Rep Max",160,"160","Load","Push Press","[{""success"":true,""load"":160}]","",RX,
07/12/2023,"Power Cean","4x3 @ 67% of Clean",115,"115","Load","","[{""success"":true,""load"":115},{""success"":true,""load"":115},{""success"":true,""load"":115},{""success"":true,""load"":115}]","",RX,
07/12/2023,"3 ROUNDS FOR TIME","- RX -3 rounds for time:15 thrusters (65/95 lb)400-m run- INTERMEDIATE - 3 rounds for time:15 thrusters (55/75 lb)400-m run- BEGINNER -3 rounds for time:15 thrusters (35/45 lb)200-m run",530,"8:50","","","[{""secs"":50,""mins"":8}]","75#",SCALED,
07/12/2023,"Power Snatch + Overhead Squat","Complete 2 P. Snatches then into 2 OHS 5x (2+2) @ 65%",95,"95","Load","","[{""success"":true,""load"":95},{""success"":true,""load"":95},{""success"":true,""load"":95},{""success"":true,""load"":95},{""success"":true,""load"":95}]","Based on 65% of 145#",RX,
07/12/2023,"SQUAT SNATCH","Every 2:00 for 4 sets:3-5 empty barbell squat snatches",0,"12","Other / Text","","[{""other"":""12""}]","",RX,
07/14/2023,"Front Squat 4x5","4x5 @ 75%",155,"155","Load","Front Squat","[{""success"":true,""load"":155},{""success"":true,""load"":155},{""success"":true,""load"":155},{""success"":true,""load"":155}]","",RX,PR
07/14/2023,"Clean + Jerk","3x (3+1) @ 80%",145,"145","Load","","[{""success"":true,""load"":145},{""success"":true,""load"":145},{""success"":true,""load"":145}]","",RX,
07/14/2023,"Snatch 3x2","3x2 @ 80%",115,"115","Load","Snatch","[{""success"":true,""load"":115},{""success"":true,""load"":115},{""success"":true,""load"":115}]","Based on 80% of 145#",RX,
07/19/2023,"Push Press 5x2","5x2 @ 85% of your 2 rep max",135,"135","Load","Push Press","[{""success"":true,""load"":135},{""success"":true,""load"":135},{""success"":true,""load"":135},{""success"":true,""load"":135},{""success"":true,""load"":135}]","",RX,
07/19/2023,"HANDSTAND WALK PRACTICE","On a 5:00 clock:Handstand walk for total distance.",0,"0","Feet","","[{""feet"":0}]","Practice on the wall",SCALED,
07/19/2023,":20 WORK :10 REST","- RX -10 sets for reps::20 ring rows (body parallel to the ground):10 rest:20 hand-release push-ups:10 rest:20 air squats:10 rest- INTERMEDIATE - 10 sets for reps::20 ring rows:10 rest:20 hand-release push-ups:10 rest:20 air squats:10 rest- BEGINNER -10 sets for reps::20 ring rows:10 rest:20 push-ups from knees:10 rest:20 air squats:10 rest",312,"312","Reps","","[{""reps"":312}]","",RX,
07/19/2023,"Power Clean 4x3","4x3 @ 72%",135,"135","Load","Power Clean","[{""success"":true,""load"":135},{""success"":true,""load"":135},{""success"":true,""load"":135},{""success"":true,""load"":135}]","",RX,
07/19/2023,"Power Snatch + Overhead Squat","Complete 2 P. Snatches then into 2 OHS 4x (2+2) @ 70%",105,"105","Load","","[{""success"":true,""load"":100},{""success"":true,""load"":100},{""success"":true,""load"":105},{""success"":true,""load"":105}]","Based on 70% of 145#",RX,
07/20/2023,"8:00 AMRAP","- RX -AMRAP 8:2 wall walks4 box jump-overs (24/30 in)- INTERMEDIATE - AMRAP 8:2 wall walks4 box jump-overs (20/24 in)- BEGINNER -AMRAP 8:2 inch worms + push-up4 box step-overs (12/20 in)",11.001,"11+1","Rounds + Reps","","[{""rnds"":11,""reps"":1}]","",RX,
07/20/2023,"SKILL WORK","3 sets:20 weighted sit-ups1:00 plank hold (on the forearms)",0,"🥵","Other / Text","","[{""other"":""🥵""}]","",RX,
07/21/2023,"Front Squat 4x5","4x5 @ 77%",155,"155","Load","Front Squat","[{""success"":true,""load"":155},{""success"":true,""load"":155},{""success"":true,""load"":155},{""success"":true,""load"":155}]","",RX,
07/21/2023,"Back Squat","15:00 to find your heaviest back squat",215,"215","Load","Back Squat","[{""success"":true,""load"":215}]","",RX,
07/21/2023,"Snatch 3x2","3x2 @ 83%",120,"120","Load","Snatch","[{""success"":true,""load"":120},{""success"":true,""load"":120},{""success"":true,""load"":120}]","Based on 83% of 145#",RX,
07/21/2023,"Deadlift","15:00 to find your heaviest deadlift",325,"325","Load","Deadlift","[{""success"":true,""load"":325}]","",RX,
07/21/2023,"Clean + Jerk","3x (3+1) @ 83%",155,"155","Load","","[{""success"":true,""load"":155},{""success"":true,""load"":155},{""success"":true,""load"":155}]","",RX,
07/24/2023,"Clean + Front Squat + Jerk","3x(1+3-1) @ 78% of Clean and Jerk",145,"145","Load","","[{""success"":true,""load"":145},{""success"":true,""load"":145},{""success"":true,""load"":145}]","",RX,
07/24/2023,"Snatch 4x3","4x3 @ 78%",115,"115","Load","Snatch","[{""success"":true,""load"":115},{""success"":true,""load"":115},{""success"":true,""load"":115},{""success"":true,""load"":115}]","",RX,PR
07/24/2023,"Back Squat 4x7","4x7 @ 79%",175,"175","Load","Back Squat","[{""success"":true,""load"":175},{""success"":true,""load"":175},{""success"":true,""load"":175},{""success"":true,""load"":175}]","Rounded down from 181.7",RX,
07/31/2023,"4 ROUNDS FOR TIME","- RX -4 rounds for time:400/500-m row50 air squats400-m run- INTERMEDIATE - Same as Rxd- BEGINNER -4 rounds for time:200/250-m row25 air squats200-m run",1641,"27:21","","","[{""secs"":21,""mins"":27}]","",RX,
07/31/2023,"500M ROW","500-m row for time",103,"1:43","","","[{""secs"":43,""mins"":1}]","",RX,PR
07/31/2023,"Snatch 4x2","4x2 @ 80%",115,"115","Load","Snatch","[{""success"":true,""load"":115},{""success"":true,""load"":115},{""success"":true,""load"":115},{""success"":true,""load"":115}]","",RX,
07/31/2023,"Back Squat 2x7","4x2 @ 80%",145,"145","Load","Back Squat","[{""success"":true,""load"":145},{""success"":true,""load"":145}]","Scaling it back to make up for workout burn",SCALED,
08/07/2023,"Snatch 4x1","4x1 @ heavy for the day!",140,"140","Load","Snatch","[{""success"":true,""load"":115},{""success"":true,""load"":125},{""success"":true,""load"":135},{""success"":true,""load"":140}]","",RX,
08/07/2023,"Back Squat 1x7","Work to a heavy weight for 7 rep",185,"185","Load","Back Squat","[{""success"":true,""load"":185}]","",RX,
08/07/2023,"Back Squat 1x7","Work to a heavy weight for 7 rep",185,"185","Load","Back Squat","[{""success"":true,""load"":185}]","",RX,
08/08/2023,"SNATCH GRIP DEADLIFT","Snatch Deadlift5-5-5-5-5",185,"185","Load","","[{""success"":true,""load"":185},{""success"":true,""load"":185},{""success"":true,""load"":185},{""success"":true,""load"":185},{""success"":true,""load"":185}]","",RX,
08/08/2023,"SQUAT SNATCH","- RX -Squat Snatch for load:1-1-1-1-1-1-1- INTERMEDIATE - Same as Rxd- BEGINNER -Same as Rxd",125,"125","Load","Squat Snatch","[{""success"":true,""load"":75},{""success"":true,""load"":85},{""success"":true,""load"":95},{""success"":true,""load"":105},{""success"":true,""load"":115},{""success"":true,""load"":125},{""success"":false,""load"":135}]","",RX,
08/09/2023,"3 ROUNDS FOR TIME","- RX -3 rounds for reps:2:00 pull-ups2:00 shoulder presses (65/95 lb)2:00 calorie row- Rest 1:00 after each movement.- INTERMEDIATE - 3 rounds for reps:2:00 pull-ups2:00 shoulder presses (55/75 lb)2:00 calorie row- Rest 1:00 after each movement.- BEGINNER -3 rounds for reps:2:00 jumping pull-ups2:00 shoulder presses (35/45 lb)2:00 calorie row- Rest 1:00 after each movement.",232,"232","Reps","","[{""reps"":232}]","65#",SCALED,
08/18/2023,"Muscle Snatch 5x2","5x2 @ 60-65 % of Snatch",90,"90","Load","Muscle Snatch","[{""success"":true,""load"":85},{""success"":true,""load"":85},{""success"":true,""load"":85},{""success"":true,""load"":90},{""success"":true,""load"":90}]","",RX,
08/18/2023,"Front Squat 4x1","4x1 @ 90%",185,"185","Load","Front Squat","[{""success"":true,""load"":185},{""success"":true,""load"":185},{""success"":true,""load"":185},{""success"":true,""load"":185}]","",RX,
08/18/2023,"5 ROUNDS FOR REPS","- RX -5 rounds for reps:400-m run1:00 max burpee + push-up- INTERMEDIATE - Same as Rxd- BEGINNER -5 rounds for reps:200-m run1:00 max burpee + push-up",58,"58","Reps","","[{""reps"":58}]","",RX,
08/18/2023,"Clean 3x1","3x @ 90% of Clean",170,"170","Load","Clean","[{""success"":true,""load"":160},{""success"":true,""load"":170},{""success"":true,""load"":170}]","",RX,
08/18/2023,"SKILL WORK","On a 10:00 clock:Rope climb practice",0,"🏴","Other / Text","","[{""other"":""🏴""}]","",RX,
08/21/2023,"Snatch + Hang Snatch","4x (1+1) @78%",110,"110","Load","","[{""success"":true,""load"":110},{""success"":true,""load"":110},{""success"":true,""load"":110},{""success"":true,""load"":110}]","",RX,
08/21/2023,"Back Squat 6x2","6x2 @ 83%",190,"190","Load","Back Squat","[{""success"":true,""load"":190},{""success"":true,""load"":190},{""success"":true,""load"":190},{""success"":true,""load"":190},{""success"":true,""load"":190},{""success"":true,""load"":190}]","",RX,
08/21/2023,"Accessory:","DB Rear Foot Elevated Split Squat (use bench)3 sets 8 reps/ leg",35,"35","Load","","[{""success"":true,""load"":35},{""success"":true,""load"":35},{""success"":true,""load"":35}]","",RX,
08/21/2023,"10:00 AMRAP","- RX -AMRAP 10:35 double-unders 7 DB thrusters (35/50 lb)- INTERMEDIATE - AMRAP 10:35 double-unders 7 DB thrusters (20/35 lb)- BEGINNER -AMRAP 10:35 single-unders7 DB thrusters (10/15 lb)",5,"5","Rounds + Reps","","[{""rnds"":5}]","30#",SCALED,
08/21/2023,"SKILL WORK","Max-rep unbroken wall-ball shots- Use a load that allows for 30+ reps.",35,"35","Reps","","[{""reps"":35}]","14#",SCALED,
08/28/2023,"FOR REPS","- RX -5 x 3:00 rounds for reps:200-m weighted run (14/20 lb)Max reps wall-ball shots- Rest 1:00 between rounds.- INTERMEDIATE -5 x 3:00 rounds for reps:200-m weighted run (10/14 lb)Max reps wall-ball shots- Rest 1:00 between rounds.- BEGINNER -5 x 3:00 rounds for reps:100-m weighted run (6/10 lb)Max reps wall-ball shots- Rest 1:00 between rounds.",116,"116","Reps","","[{""reps"":116}]","",RX,
08/29/2023,"FOR REPS","- RX -4 rounds for reps:1:00 calorie row1:00 sit-ups1:00 DB box step-over (20"") (35/50 lb)- INTERMEDIATE -4 rounds for reps:1:00 calorie row1:00 sit-ups1:00 DB box step-over (20"") (20/35 lb)- BEGINNER -4 rounds for reps:1:00 calorie row1:00 sit-ups1:00 box step-over (20"")",173,"173","Reps","","[{""reps"":173}]","35#",SCALED,
08/29/2023,"RING WORK","EMOM 12:Min. 1 | 10 false grip ring rowsMin. 2 | 10 rings dipsMin. 3 | 5-8 Low ring muscle-up transitions",0,"🐸","Other / Text","","[{""other"":""🐸""}]","",RX,
08/30/2023,"Accessory","DB Bench Press- 15Push Ups - 104 Sets",35,"35","Load","","[{""success"":true,""load"":35},{""success"":true,""load"":35},{""success"":true,""load"":35},{""success"":true,""load"":35}]","",RX,
08/30/2023,"SNATCH","On a 10:00 clock:Build up to heavy single squat snatch",125,"125","Load","Snatch","[{""success"":true,""load"":125}]","",RX,
08/30/2023,"P. Clean + F. Squat + Hang Clean + Jerk","Power Clean + Front Squat + Hang Clean + Jerk- 5-10 more pounds than last week",165,"165","Load","","[{""success"":true,""load"":165}]","",RX,
08/30/2023,"Snatch Grip Deadlift 4x3","4x3 @ 100% of Snatch",145,"145","Load","Snatch Grip Deadlift","[{""success"":true,""load"":145},{""success"":true,""load"":145},{""success"":true,""load"":145},{""success"":true,""load"":145}]","",RX,PR
08/30/2023,"AMANDA","- RX -For time:9-7-5:Muscle-upSquat snatches (95/135 lb)- INTERMEDIATE -For time:7-5-3:Muscle-ups9-7-5:Squat snatches (75/115 lb)- BEGINNER -For time:9-7-5:Low ring muscle-up transitionsSquat snatches (35/45 lb)",717,"11:57","","","[{""secs"":57,""mins"":11}]","95#",SCALED,PR
09/01/2023,"GHD HIP EXTENSIONS","3 sets:20 weighted GHD hip extensions",95,"95","Load","","[{""success"":true,""load"":95},{""success"":true,""load"":95},{""success"":true,""load"":95}]","",RX,
09/01/2023,"FOR LOAD","- RX -5 sets for load:3 power cleans6 alternating front rack lunges- INTERMEDIATE -Same as Rxd- BEGINNER -Same as Rxd",115,"115","Load","","[{""success"":true,""load"":65},{""success"":true,""load"":75},{""success"":true,""load"":95},{""success"":true,""load"":105},{""success"":true,""load"":115}]","",RX,
09/04/2023,"LAHAINA FUNDRAISER","8 Rounds for time:200m MB run 8 Toes to Bar 8 Hang Power Cleans (95/135)23 Air Squats 13 Lateral Burpees Over Bar*Partnered, you go/I go, athletes must complete the reps for one movement and then partner completes reps for the next movement until 8 rounds is completed.",1813,"30:13","","","[{""secs"":13,""mins"":30}]","14#125#",SCALED,
09/06/2023,"10 ROUNDS","- RX -10 rounds for time:9 toes-to-bars3 wall walks- INTERMEDIATE -10 rounds for time:6 toes-to-bars2 wall walks- BEGINNER -10 rounds for time:5 knees-above-hips1 scaled wall walk",877,"14:37","","","[{""secs"":37,""mins"":14}]","Intermediate",SCALED,
09/07/2023,"HELEN","- RX -3 rounds for time:400-m run21 KB swings (35/53 lb)12 pull-ups- INTERMEDIATE -3 rounds for time:400-m run21 KB swings (26/35 lb)12 pull-ups- BEGINNER -3 rounds for time:200-m run21 KB Swings (18/26 lb)12 jumping pull-ups",751,"12:31","","","[{""secs"":31,""mins"":12}]","44#",SCALED,
09/07/2023,"SINGLE-LEG KB DEADLIFT","25 single-leg KB deadlifts/leg",44,"44","Load","","[{""success"":true,""load"":44}]","",RX,
09/11/2023,"9/11/2001","- RX -For time:2001-m run or row11 shoulder presses (85/115 lb)11 overhead squats11 sumo deadlift high pulls11 push presses11 front squats11 squat cleans11 push jerks11 back squats11 deadlifts2001-m run or row- If athletes begin the WOD with a row, they finish with a run and vice versa. - INTERMEDIATE -For time:2001-m run or row11 shoulder presses (65/95 lb)11 overhead squats11 sumo deadlift high pulls11 push presses11 front squats11 squat cleans11 push jerks11 back squats11 deadlifts2001-m run or row- If athletes begin the WOD with a row, they finish with a run and vice versa. - BEGINNER -For time:1000-m run or row11 shoulder presses (35/55 lb)11 overhead squats11 sumo deadlift high pulls11 push presses11 front squats11 squat cleans11 push jerks11 back squats11 deadlifts1000-m run or row- If athletes begin the WOD with a row, they finish with a run and vice versa.",2158,"35:58","","","[{""secs"":58,""mins"":35}]","95#",SCALED,
09/13/2023,"FOR TIME","- RX -5 rounds for time:15 chest-to-bar pull-ups25-ft handstand walk- INTERMEDIATE -5 rounds for time:10 chest-to-bar pull-ups1:00 handstand walk attempts- BEGINNER -5 rounds for time:15 jumping chest-to-bar pull-ups:30 piked/plank shoulder taps",900,"15:00","","","[{""mins"":15}]","",SCALED,
09/18/2023,"OVERHEAD CARRY","For completion:200-m double-KB overhead carry- Use a load that allows for 100-m or more at a time.",0,"26","Other / Text","","[{""other"":""26""}]","",RX,
09/18/2023,"FOR TIME","- RX -3 rounds for time:30 MB sit-ups (14/20)30 power snatches (55/75 lb)- INTERMEDIATE -3 rounds for time:20 MB sit-ups30 power snatches (45/55 lb)   - BEGINNER -3 rounds for time:20 sit-ups20 hang power snatches (35/45 lb)",757,"12:37","","","[{""secs"":37,""mins"":12}]","Strict press",SCALED,
09/20/2023,"Accessory:","Shoulder Raises:Front4x10Side 4x10",12,"12","Load","","[{""success"":true,""load"":12},{""success"":true,""load"":12},{""success"":true,""load"":12},{""success"":true,""load"":12}]","",RX,
09/20/2023,"Clean Pull + Hang Clean","4x (1+1) @ 75% of Clean",135,"135","Load","","[{""success"":true,""load"":135},{""success"":true,""load"":135},{""success"":true,""load"":135},{""success"":true,""load"":135}]","",RX,
09/20/2023,"Hang Snatch + OHS","4x( 2+2) @ 67% of Snatch",105,"105","Load","","[{""success"":true,""load"":105},{""success"":true,""load"":105},{""success"":true,""load"":105},{""success"":true,""load"":105}]","Accidentally did 75%",RX,
09/21/2023,"2016 REGIONALS EVENT 7","- RX -For time:21 thrusters (65/95 lb)3 rope climbs15 thrusters2 rope climbs9 thrusters1 rope climb- INTERMEDIATE -For time:21 thrusters (55/75 lb)1 rope climb15 thrusters1 rope climb9 thrusters1 rope climb- BEGINNER -For time:21 thrusters (35/45 lb)3 rope pull-to-stands15 thrusters2 rope pull-to-stands9 thrusters1 rope pull-to-stand",462,"7:42","","","[{""secs"":42,""mins"":7}]","65#",SCALED,
09/22/2023,"Snatch 5x1","5x1 @ 80%",115,"115","Load","Snatch","[{""success"":true,""load"":115},{""success"":true,""load"":115},{""success"":true,""load"":115},{""success"":true,""load"":115},{""success"":true,""load"":115}]","",RX,
09/22/2023,"Clean & Jerk 4x2","4x2 @ 75%",135,"135","Load","Clean & Jerk","[{""success"":true,""load"":135},{""success"":true,""load"":135},{""success"":true,""load"":135},{""success"":true,""load"":135}]","",RX,
09/22/2023,"Back Pause Squat 4x1","4x1 @ 88%",205,"205","Load","Back Pause Squat","[{""success"":true,""load"":205},{""success"":true,""load"":205},{""success"":true,""load"":205},{""success"":true,""load"":205}]","",RX,
09/25/2023,"Power Clean + Push Press + Split Jerk","4x(1+1+1) @ 80% of Push Press",125,"125","Load","","[{""success"":true,""load"":125},{""success"":true,""load"":125},{""success"":true,""load"":125},{""success"":true,""load"":125}]","",RX,
09/25/2023,"Front Squat 5x4","5x4 @ 75%",145,"145","Load","Front Squat","[{""success"":true,""load"":145},{""success"":true,""load"":145},{""success"":true,""load"":145},{""success"":true,""load"":145},{""success"":true,""load"":145}]","",RX,
09/29/2023,"Clean & Jerk 4x2","4x2 @ 78%",145,"145","Load","Clean & Jerk","[{""success"":true,""load"":145},{""success"":true,""load"":145},{""success"":true,""load"":145},{""success"":true,""load"":145}]","",RX,
09/29/2023,"Snatch 5x1","5x1 @ 83%",115,"115","Load","Snatch","[{""success"":true,""load"":115},{""success"":true,""load"":115},{""success"":true,""load"":115},{""success"":true,""load"":115},{""success"":true,""load"":115}]","",RX,
09/29/2023,"Back Squat 4x1","4x1@ 91%",205,"205","Load","Back Squat","[{""success"":true,""load"":205},{""success"":true,""load"":205},{""success"":true,""load"":205},{""success"":true,""load"":205}]","",RX,
10/02/2023,"Front Squat 5x4","5x4 @ 79%",160,"160","Load","Front Squat","[{""success"":true,""load"":160},{""success"":true,""load"":160},{""success"":true,""load"":160},{""success"":true,""load"":160},{""success"":true,""load"":160}]","",RX,
10/02/2023,"Accessory:","4 sets of 10Barbell Bent Over Rows",115,"115","Load","","[{""success"":true,""load"":115},{""success"":true,""load"":115},{""success"":true,""load"":115},{""success"":true,""load"":115}]","",RX,
10/02/2023,"Power Clean + Push Press + Split Jerk","4x(1+1+1) @ 83% of Push Press",130,"130","Load","","[{""success"":true,""load"":130},{""success"":true,""load"":130},{""success"":true,""load"":130},{""success"":true,""load"":130}]","",RX,
10/02/2023,"FOR TIME","- RX -6 rounds for time:12 DB deadlifts (35/50 lb)9 DB box step-up (35/50 lb) (20/24 in)200-m run- Use two DBs.- Rest 2:00 between rounds.- INTERMEDIATE -6 rounds for time:12 DB deadlifts (20/35 lb)9 DB box step-up (20/35 lb) (20/24 in)200-m run- Use two DBs.- Rest 2:00 between rounds.- BEGINNER -6 rounds for time:12 DB deadlifts (20/15 lb)9 box step-ups (12 in)200-m run- Use two DBs.- Rest 2:00 between rounds.",1240,"20:40","","","[{""secs"":40,""mins"":20}]","35#20”",SCALED,
10/04/2023,"Clean Pull + Hang Clean","3x (1+1) @ 82% of Clean",145,"145","Load","","[{""success"":true,""load"":145},{""success"":true,""load"":145},{""success"":true,""load"":145}]","",RX,
10/04/2023,"Accessory:","Shoulder Raises:Front4x10Side 4x10",15,"15","Load","","[{""success"":true,""load"":12},{""success"":true,""load"":12},{""success"":true,""load"":12},{""success"":true,""load"":15}]","",RX,
10/04/2023,"Hang Snatch + OHS","4x( 2+2) @ 73% of Snatch",105,"105","Load","","[{""success"":true,""load"":105},{""success"":true,""load"":105},{""success"":true,""load"":105},{""success"":true,""load"":105}]","",RX,
10/05/2023,"Run 1 mile","Run 1 mile",375,"6:15","","","[{""secs"":15,""mins"":6}]","",RX,
10/05/2023,"ROW, JUMP & RUN","- RX -EMOM 10:Even: Max calorie rowOdd: 25 double-undersRest 5:00For time:1-mile run- INTERMEDIATE -EMOM 10:Even: Max calorie rowOdd: double-under attemptsRest 5:00For time:1-mile run- BEGINNER -EMOM 10:Even: Max calorie rowOdd: 25 single-undersRest 5:00For time:1,200-m run",0,"🏃‍♂️","Other / Text","","[{""other"":""🏃‍♂️""}]","",RX,
10/09/2023,"Accessory:","4 sets of 10Barbell Bent Over Rows",115,"115","Load","","[{""success"":true,""load"":115},{""success"":true,""load"":115},{""success"":true,""load"":115},{""success"":true,""load"":115}]","",RX,
10/09/2023,"Power Clean + Push Press + Split Jerk","4x(1+1+1) @ 86% of Push Press",140,"140","Load","","[{""success"":true,""load"":140},{""success"":true,""load"":140},{""success"":true,""load"":140},{""success"":true,""load"":140}]","Originally did a set at 135# and then Luis told me to go up",RX,
10/09/2023,"FOR REPS","- RX -4 Rounds For Time:10 shuttle runs (1 run = 25 ft down, 25 ft back)  9-15-21-27 V-ups9-15-21-27 DB thrusters (20/30 lb)- INTERMEDIATE -4 Rounds For Time:10 shuttle runs (1 run = 25 ft down, 25 ft back)  9-15-21-27 Tuck-ups9-15-21-27 DB thrusters (15/20 lb)- BEGINNER -4 Rounds For Time:5 shuttle runs (1 run = 25 ft down, 25 ft back)  9-12-15-18 Anchored sit-ups9-12-15-18 DB thrusters (10/15 lb)",823,"13:43","","","[{""secs"":43,""mins"":13}]","Farmer carrySit-ups",SCALED,
10/09/2023,"Front Squat 4x3","4x3 @ 82%",165,"165","Load","Front Squat","[{""success"":true,""load"":165},{""success"":true,""load"":165},{""success"":true,""load"":165},{""success"":true,""load"":165}]","",RX,
10/09/2023,"SKILL WORK","Every 2:00 x 4 sets/arm:1 DB power clean1 DB power snatch1 DB thruster1 DB overhead squat- Complete the complex on each arm once every 2:00.",20,"20","Load","","[{""success"":true,""load"":20}]","",RX,
10/10/2023,"CLEAN AND JERKS","On an 8:00 clock:Build to a heavy power clean and push jerk",155,"155","Load","Power Clean & Jerk","[{""success"":true,""load"":155}]","",RX,
10/10/2023,"GRACE","- RX -For time:30 clean and jerks (95/135 lb)- INTERMEDIATE -For time:30 clean and jerks (65/95 lb)- BEGINNER -For time:30 clean and jerks (55/75 lb)",225,"3:45","","","[{""secs"":45,""mins"":3}]","95#",SCALED,
10/16/2023,"Front Squat 4x3","4x3 @ 85%",175,"175","Load","Front Squat","[{""success"":true,""load"":175},{""success"":true,""load"":175},{""success"":true,""load"":175},{""success"":true,""load"":175}]","",RX,
10/16/2023,"Accessory:","4 sets of 10Barbell Bent Over Rows",115,"115","Load","","[{""success"":true,""load"":115},{""success"":true,""load"":115},{""success"":true,""load"":115},{""success"":true,""load"":115}]","",RX,
10/16/2023,"Power Clean + Push Press + Split Jerk","3x(1+1+1) @ 89% of Push Press",145,"145","Load","","[{""success"":true,""load"":145},{""success"":true,""load"":145},{""success"":true,""load"":145}]","",RX,
10/18/2023,"Hang Snatch + OHS","4x( 2+2) @ 78% of Snatch",110,"110","Load","","[{""success"":true,""load"":110},{""success"":true,""load"":110},{""success"":true,""load"":110},{""success"":true,""load"":110}]","",RX,
10/18/2023,"Accessory:","Shoulder Raises:Front4x10Side 4x10",10,"10","Load","","[{""success"":true,""load"":10},{""success"":true,""load"":10},{""success"":true,""load"":10},{""success"":true,""load"":10}]","",RX,
10/18/2023,"Clean Pull + Hang Clean","3x (1+1) @ 88% of Clean",155,"155","Load","","[{""success"":true,""load"":155},{""success"":true,""load"":155},{""success"":true,""load"":155}]","",RX,
10/23/2023,"Front Squat 4x3","4x3 @ 88-89%",175,"175","Load","Front Squat","[{""success"":true,""load"":175},{""success"":true,""load"":175},{""success"":true,""load"":175},{""success"":true,""load"":175}]","",RX,
10/23/2023,"Power Clean + Push Press + Split Jerk","1x(1+1+1) @ Heavy for the day!",160,"160","Load","","[{""success"":true,""load"":160}]","",RX,
10/30/2023,"HEAVY THRUSTERS","- RX -EMOM 20:2 thrusters- Barbell starts on the floor. Add weight every 5:00.- INTERMEDIATE -Same as RXd- BEGINNER -Same as RXd",125,"125","Load","Thruster","[{""success"":true,""load"":95},{""success"":true,""load"":95},{""success"":true,""load"":95},{""success"":true,""load"":95},{""success"":true,""load"":95},{""success"":true,""load"":105},{""success"":true,""load"":105},{""success"":true,""load"":105},{""success"":true,""load"":105},{""success"":true,""load"":105},{""success"":true,""load"":115},{""success"":true,""load"":115},{""success"":true,""load"":115},{""success"":true,""load"":115},{""success"":true,""load"":115},{""success"":true,""load"":125},{""success"":true,""load"":125},{""success"":true,""load"":125},{""success"":true,""load"":125},{""success"":true,""load"":125}]","",RX,
11/10/2023,"Clean & Jerk 4x1","4x1 @ 91%",135,"135","Load","Clean & Jerk","[{""success"":true,""load"":135},{""success"":true,""load"":135},{""success"":true,""load"":135},{""success"":true,""load"":135}]","First day back",RX,
11/10/2023,"Snatch 4x1","4x1 @ 91%",125,"125","Load","Snatch","[{""success"":true,""load"":125},{""success"":true,""load"":125},{""success"":true,""load"":125},{""success"":true,""load"":125}]","First day back; using last week’s weight @88%",RX,
11/10/2023,"Back Squat 3x2","3x2 @ 92-93%",185,"185","Load","Back Squat","[{""success"":true,""load"":185},{""success"":true,""load"":185},{""success"":true,""load"":185}]","First day back",RX,
11/11/2023,"ROW-4-AIM","30:00 Team Row For TimeJoin us at 9am for our annual Row-a-thon.",7200,"7200","Meters","","[{""meters"":7200}]","",RX,
11/13/2023,"Tempo Front Squat","4x2 @ 87% of Clean3 seconds down, 1 seconds at the bottom, fast up",155,"155","Load","","[{""success"":true,""load"":155},{""success"":true,""load"":155},{""success"":true,""load"":155},{""success"":true,""load"":155}]","Done on 11/20",RX,
11/13/2023,"Accessory:","3 Sets of Double KB OH Carries",35,"35","Load","","[{""success"":true,""load"":35},{""success"":true,""load"":35},{""success"":true,""load"":35}]","Done on 11/20",RX,
11/13/2023,"Clean 3x3","3x3 @ 82%",145,"145","Load","Clean","[{""success"":true,""load"":145},{""success"":true,""load"":145},{""success"":true,""load"":145}]","Done on 11/20",RX,
11/14/2023,"Skill Work","5 sets for load:3 DB hang power cleans3 DB push jerks- Build to your heaviest set.",45,"45","Load","","[{""success"":true,""load"":45}]","",RX,
11/14/2023,"DB DT","- RX -5 rounds:12 DB deadlifts (35/50 lb)9 DB hang power cleans6 DB push jerks- Use two DBs.- INTERMEDIATE -5 rounds:12 DB deadlifts (20/35 lb)9 DB hang power cleans6 DB push jerks- Use two DBs.- BEGINNER -5 rounds:12 DB deadlifts (10/15 lb)9 DB hang power cleans6 DB push presses- Use two DBs.",556,"9:16","","","[{""secs"":16,""mins"":9}]","35#",SCALED,
11/15/2023,"Accessory:","3 Sets of Double KB Suitcase CarriesAs Heavy As Possible",70,"70","Load","","[{""success"":true,""load"":70},{""success"":true,""load"":70},{""success"":true,""load"":70}]","Done on 11/22",RX,
11/15/2023,"Snatch","Snatch (3 Second pause at the receiving position)5x2 @ 76%",105,"105","Load","","[{""success"":true,""load"":105},{""success"":true,""load"":105},{""success"":true,""load"":105},{""success"":true,""load"":105},{""success"":true,""load"":105}]","Done on 11/22",RX,
11/15/2023,"Snatch Balance + OHS","3x (1+2) @ 80% of Snatch",115,"115","Load","","[{""success"":true,""load"":115},{""success"":true,""load"":115},{""success"":true,""load"":115}]","Done on 11/22",RX,
11/16/2023,"HEAVY FRONT SQUATS","- RX -For load:5-5-5-5-10:Front squats- Increase loading on each set as you build to a 10-rep max.- INTERMEDIATE -Same as RXd- BEGINNER -Same as RXd",145,"145","Load","Front Squat","[{""success"":true,""load"":95},{""success"":true,""load"":115},{""success"":true,""load"":135},{""success"":true,""load"":145},{""success"":true,""load"":145}]","",RX,
11/17/2023,"Snatch 3x1","3x1 @ 94%",130,"130","Load","Snatch","[{""success"":true,""load"":130},{""success"":true,""load"":130},{""success"":true,""load"":130}]","",RX,
11/17/2023,"Clean & Jerk 3x1","3x1 @ 94%",165,"165","Load","Clean & Jerk","[{""success"":true,""load"":165},{""success"":true,""load"":165},{""success"":true,""load"":165}]","",RX,
11/18/2023,"FOR TIME (w/PARTNER)","- RX -3 rounds for time:800-m run with a medicine ball (14/20 lb)24 power snatches (105/155 lb)- Athletes run together and switch as needed on the snatches.- The medicine ball doesnt touch the ground until the workout is over.- If the medicine ball touches the ground, both partners complete 10 burpees before continuing.- INTERMEDIATE -3 rounds for time:800-m run with a medicine ball (10/14 lb)24 power snatches (75/115 lb)- Athletes run together and switch as needed on the snatches.- The medicine ball doesnt touch the ground until the workout is over.- If the medicine ball touches the ground, both partners complete 10 burpees before continuing.- BEGINNER -3 rounds for time:400-m run18 power snatches (35/45 lb)- Athletes run together and switch as needed on the snatches.",1414,"23:34","","","[{""secs"":34,""mins"":23}]","20#75#",SCALED,
11/20/2023,"Tempo Front Squat","4x2 @ 87% of Clean3 seconds down, 1 seconds at the bottom, fast up",155,"155","Load","","[{""success"":true,""load"":155},{""success"":true,""load"":155},{""success"":true,""load"":155},{""success"":true,""load"":155}]","",RX,
11/20/2023,"Clean 3x3","3x3 @ 82%",145,"145","Load","Clean","[{""success"":true,""load"":145},{""success"":true,""load"":145},{""success"":true,""load"":145}]","",RX,
11/20/2023,"AMRAP 20:00","- RX - AMRAP 20:100-calorie row75 sit-ups 50 pull-ups- INTERMEDIATE -AMRAP 20:100-calorie row75 sit-ups 25 pull-ups- BEGINNER -AMRAP 20:75-calorie row60 sit-ups 45 ring rows",1,"1","Rounds + Reps","","[{""rnds"":1}]","",RX,
11/20/2023,"Accessory:","3 Sets of Double KB OH Carries",35,"35","Load","","[{""success"":true,""load"":35},{""success"":true,""load"":35},{""success"":true,""load"":35}]","",RX,
11/20/2023,"STRICT CHEST-TO-BAR PULL-UPS","Every 2:00 for 4 sets:1-5 strict chest-to-bar pull-ups- On the 5th set, perform as many unbroken reps as possible.",0,"22","Other / Text","","[{""other"":""22""}]","",RX,
11/21/2023,"POWER CLEANS","On a 10:00 clock:Build to a heavy 2-rep unbroken power clean- Rest :45-1:30 between sets.",165,"165","Load","","[{""success"":true,""load"":165}]","",RX,
11/21/2023,"WALL WALKS & POWER CLEANS","- RX - AMRAP 12:1-2-3-4... etc.Wall walksPower cleans (125/185 lb)- INTERMEDIATE - AMRAP 12:1-2-3-4... etc.Wall walksPower clean (95/135 lb)- BEGINNER -AMRAP 12:1-2-3-4... etc.Inchworm + push-upsPower cleans (65/95 lb)",5.005,"5+5","Rounds + Reps","","[{""rnds"":5,""reps"":5}]","165#",SCALED,
11/22/2023,"Accessory:","3 Sets of Double KB Suitcase CarriesAs Heavy As Possible",70,"70","Load","","[{""success"":true,""load"":70},{""success"":true,""load"":70},{""success"":true,""load"":70}]","",RX,
11/22/2023,"Snatch Balance + OHS","3x (1+2) @ 80% of Snatch",115,"115","Load","","[{""success"":true,""load"":115},{""success"":true,""load"":115},{""success"":true,""load"":115}]","",RX,
11/22/2023,"Snatch","Snatch (3 Second pause at the receiving position)5x2 @ 76%",105,"105","Load","","[{""success"":true,""load"":105},{""success"":true,""load"":105},{""success"":true,""load"":105},{""success"":true,""load"":105},{""success"":true,""load"":105}]","",RX,
11/23/2023,"20:00 PARTNER AMRAP","- RX -AMRAP 20:400-m run50 KB swings (53/70 lb)400-m single-KB farmers carry- Partners run together and break up the other two movements as needed.- INTERMEDIATE -AMRAP 20:400-m run50 KB swings (35/53 lb)400-m single-KB farmers carry- Partners run together and break up the other two movements as needed.- BEGINNER -AMRAP 20:200-m run30 KB swings (18/26 lb)200-m single-KB farmers carry- Partners run together and break up the other two movements as needed.",2.012,"2+12","Rounds + Reps","","[{""rnds"":2,""reps"":12}]","35#",SCALED,
11/24/2023,"BENCH PRESS","For Load:5-5-5-5-5",145,"145","Load","Bench Press","[{""success"":true,""load"":115},{""success"":true,""load"":125},{""success"":true,""load"":135},{""success"":true,""load"":145},{""success"":false,""load"":150}]","",RX,
11/27/2023,"MAX DISTANCE ROW","- RX -5 Rounds:2:00 Max distance row2:00 Rest- INTERMEDIATE - Same as Rxd- BEGINNER -Same as Rxd",2708,"2708","Meters","","[{""meters"":2708}]","",RX,
11/27/2023,"Clean 3x3","3x3 @ 85%",150,"150","Load","Clean","[{""success"":true,""load"":150},{""success"":true,""load"":150},{""success"":true,""load"":150}]","",RX,PR
11/27/2023,"Tempo Front Squat","4x2 @ 90% of Clean3 seconds down, 1 seconds at the bottom, fast up",155,"155","Load","","[{""success"":true,""load"":155},{""success"":true,""load"":155},{""success"":true,""load"":155},{""success"":true,""load"":155}]","",RX,
11/27/2023,"SKILL WORK","3 sets:20 GHD sit-ups20 good mornings (35/45 lb)*Beginner: 10-20 AbMat sit-ups  *Intermediate: 10-20 GHD sit-ups to parallel  *Advanced: 20 full-ROM GHD sit-ups",0,"🏴","Other / Text","","[{""other"":""🏴""}]","",RX,
11/27/2023,"Accessory:","3 Sets of Double KB OH Carries",35,"35","Load","","[{""success"":true,""load"":35},{""success"":true,""load"":35},{""success"":true,""load"":35}]","",RX,
11/28/2023,"NATE","- RX -AMRAP 20:2 muscle-ups4 handstand push-ups8 KB swings (53/70 lb)- INTERMEDIATE - AMRAP 20:2 low ring transitions4 pike handstand push-up from a box8 KB swings (35/53 lb)- BEGINNER -AMRAP 20:100/150-m row2 low ring transitions4 hand-elevated push-ups8 KB swings (18/26 lb)",10.002,"10+2","Rounds + Reps","","[{""rnds"":10,""reps"":2}]","Jumping muscle upsPike push ups53#",SCALED,
11/29/2023,"CLEAN COMPLEX","- RX -Every 1:30 for 20 rounds:1 power clean1 squat clean1 front squat- Perform all three movements as a complex. Start light and add load every other round.- INTERMEDIATE - Same as Rxd- BEGINNER -Every 1:30 for 20 rounds:1 power clean1 squat clean1 front squat- Use an empty barbell or PVC as needed.",165,"165","Load","","[{""success"":true,""load"":165}]","",RX,
11/29/2023,"Snatch","Snatch (3 Second pause at the receiving position)5x2 @ 79%",110,"110","Load","","[{""success"":true,""load"":110},{""success"":true,""load"":110},{""success"":true,""load"":110},{""success"":true,""load"":110},{""success"":true,""load"":110}]","",RX,
11/29/2023,"Accessory:","3 Sets of Double KB Suitcase CarriesAs Heavy As Possible",70,"70","Load","","[{""success"":true,""load"":70},{""success"":true,""load"":70},{""success"":true,""load"":70}]","",RX,
11/29/2023,"Snatch Balance + OHS","3x (1+2) @ 83% of Snatch",115,"115","Load","","[{""success"":true,""load"":115},{""success"":true,""load"":115},{""success"":true,""load"":115}]","",RX,
11/30/2023,"3 ROUNDS","- RX -3 rounds for time:20 sumo deadlift high pull (55/75 lb)30 walking lunges40-ft handstand walk- INTERMEDIATE -3 rounds for time:10 sumo deadlift high pull (55/75 lb)30 walking lunges20 handstand shoulder taps- BEGINNER -3 rounds for time:10 sumo deadlift high pull (35/45 lb)20 walking lunges20 bear crawl",915,"15:15","","","[{""secs"":15,""mins"":15}]","",SCALED,
12/01/2023,"RUN & SQUAT","- RX -6:00 AMRAP:Run 800 mMax rep overhead squats (75/115 lb)- INTERMEDIATE -6:00 AMRAP:Run 800 mMax rep overhead squats (55/75 lb)- BEGINNER -6:00 AMRAP:Run 800 mMax rep overhead squats (35/45 lb)",11,"11","Reps","","[{""reps"":11}]","",RX,
12/01/2023,"OVERHEAD SQUATS","On a 10:00 clock: Build to a heavy set of 5 overhead squats- Take the barbell from the floor.",125,"125","Load","Overhead Squat","[{""success"":true,""load"":125}]","",RX,
12/04/2023,"Accessory:","3 Sets of Double KB OH Carries",35,"35","Load","","[{""success"":true,""load"":35},{""success"":true,""load"":35},{""success"":true,""load"":35}]","",RX,
12/04/2023,"Clean 1x1","LETS GO HEAVY!",195,"195","Load","Clean","[{""success"":true,""load"":195}]","Missed 200#",RX,
12/04/2023,"HANG MUSCLE SNATCHES","Every 2:00 x 3 sets:5 hang muscle snatches- Build to a heavy set of 5 reps.",90,"90","Load","","[{""success"":true,""load"":90}]","",RX,
12/04/2023,"Front Squat 1x1","Heavy for the Day!",195,"195","Load","Front Squat","[{""success"":true,""load"":195}]","",RX,
12/04/2023,"HANG POWER SNATCHES","- RX - Hang power snatches3-3-3-3-3-3-3- INTERMEDIATE -Same as RXd- BEGINNER -Same as RXd",120,"120","Load","Hang Power Snatch","[{""success"":true,""load"":75},{""success"":true,""load"":85},{""success"":true,""load"":95},{""success"":true,""load"":105},{""success"":true,""load"":115},{""success"":false,""load"":120},{""success"":true,""load"":120}]","",RX,
12/06/2023,"Snatch Balance + OHS","1x (1+2) - Heavy for the Day!",135,"135","Load","","[{""success"":true,""load"":135}]","",RX,
12/06/2023,"Snatch","Lets get after it!",135,"135","Load","","[{""success"":true,""load"":135}]","",RX,
12/08/2023,"Clean 1x1","Clean for load: #1:  1 rep ",200,"200","Load","Clean","[{""success"":true,""load"":200}]","",RX,
12/08/2023,"Clean & Jerk 1x1","1x1 @ 100%",150,"150","Load","Clean & Jerk","[{""success"":true,""load"":150}]","200# Clean PR before",RX,
12/09/2023,"PARTNER AMRAP 14","- RX -AMRAP 14 with a partner:8 chest-to-bar pull-ups8 wall-ball shots (14/20 lb) (9/10 ft)- Partners alternate full rounds.- One partner works at a time.- INTERMEDIATE -AMRAP 14 with a partner:8 pull-ups8 wall-ball shots (14/20 lb) (9/10 ft)- Partners alternate rounds.- Score is total time.- BEGINNER -AMRAP 14 with a partner:8 jumping pull-ups8 wall-ball shots (10/14 lb) (9/10 ft)- Partners alternate rounds.- One partner works at a time.",16,"16","Rounds + Reps","","[{""rnds"":16}]","",RX,
12/11/2023,"Front Squat 4x6","4x6 @ 70%",145,"145","Load","Front Squat","[{""success"":true,""load"":145},{""success"":true,""load"":145},{""success"":true,""load"":145},{""success"":true,""load"":145}]","",RX,
12/11/2023,"4 ROUNDS","- RX -4 rounds for time:15 bar-facing burpees15 front squats (85/115 lb)75 single-unders- INTERMEDIATE - 5 rounds for time:10 bar-facing burpees15 front squats (65/95 lb)50 single-unders- BEGINNER -5 rounds for time:10 burpees15 front squats (35/45 lb)25 single-unders",1005,"16:45","","","[{""secs"":45,""mins"":16}]","95#",SCALED,
12/11/2023,"STRICT RING DIPS","EMOM 5:5 strict ring dips- Hold the bottom and top for :01 each.*	 Beginner: banded ring support holds or knee push-ups.  *	 Intermediates: banded ring dips or reduced volume.  *	 Advanced: strict ring dips.",0,"🌶️","Other / Text","","[{""other"":""🌶️""}]","",RX,
12/11/2023,"Snatch High Pulls","4x4 @ 70%",100,"100","Load","","[{""success"":true,""load"":100},{""success"":true,""load"":100},{""success"":true,""load"":100},{""success"":true,""load"":100}]","",RX,
12/11/2023,"Hang Snatch + Snatch","4x (2+1) @ 65%",95,"95","Load","","[{""success"":true,""load"":95},{""success"":true,""load"":95},{""success"":true,""load"":95},{""success"":true,""load"":95}]","",RX,
12/12/2023,"SPLIT JERKS","Every 3:00 for 15:00 3 split jerks",155,"155","Load","Split Jerk","[{""success"":true,""load"":115},{""success"":true,""load"":125},{""success"":true,""load"":135},{""success"":true,""load"":145},{""success"":true,""load"":155}]","",RX,
12/12/2023,"L-SIT HOLD","AMRAP 3:Max cumulative L-sit hold- Perform from parallettes, DBs, boxes, or the floor.",0,"🫘","Other / Text","","[{""other"":""🫘""}]","",RX,
12/13/2023,"Hang Clean + Clean","4(1+1) @ 75%",155,"155","Load","","[{""success"":true,""load"":155},{""success"":true,""load"":155},{""success"":true,""load"":155},{""success"":true,""load"":155}]","75% + 5#",RX,
12/13/2023,"Front Rack Barbell Lunges","3 Sets- rig to garage door and back is 1 set",45,"45","Load","","[{""success"":true,""load"":45},{""success"":true,""load"":45},{""success"":true,""load"":45}]","",RX,
12/13/2023,"Push Press + Split Jerk","4x3 @ 75% of Push Press",125,"125","Load","","[{""success"":true,""load"":125},{""success"":true,""load"":125},{""success"":true,""load"":125},{""success"":true,""load"":125}]","",RX,
12/15/2023,"3 ROUNDS","- RX -3 rounds for time:30 push-ups20 kipping pull-ups10 deadlifts (135/185 lb)- INTERMEDIATE - 3 rounds for time:20 push-ups15 kipping pull-ups10 deadlifts (95/135 lb)- BEGINNER -3 rounds for time:20 knee push-ups15 ring rows10 deadlifts (65/95 lb)",817,"13:37","","","[{""secs"":37,""mins"":13}]","",RX,
12/15/2023,"SKILL WORK","4 sets:10 V-ups10 supine toe touches10 lying leg raises- Rest :30-1:00.",0,"🧽","Other / Text","","[{""other"":""🧽""}]","",RX,
12/16/2023,"PARTNER CHAD 1000x","- RX -For time with a partner: 1000 rucksack step-ups (35/45 lb) (20 in)- Both partners work at the same time.- INTERMEDIATE -For time with a partner:1000 rucksack step-ups (20/30 lb)- Both partners work at the same time.- Athletes choice of step-up height.- BEGINNER -For time with a partner:1000 unweighted step-ups- Both partners work at the same time.- Athletes choice of step-up height.",1800,"30:00","","","[{""mins"":30}]","No weight884",SCALED,PR
12/18/2023,"Front Squat 4x6","4x6 @ 75%",155,"155","Load","Front Squat","[{""success"":true,""load"":155},{""success"":true,""load"":155},{""success"":true,""load"":155},{""success"":true,""load"":155}]","",RX,
12/18/2023,"Snatch High Pulls","4x4 @ 75%",105,"105","Load","","[{""success"":true,""load"":105},{""success"":true,""load"":105},{""success"":true,""load"":105},{""success"":true,""load"":105}]","",RX,
12/18/2023,"Hang Snatch + Snatch","4x (2+1) @ 70%",100,"100","Load","","[{""success"":true,""load"":100},{""success"":true,""load"":100},{""success"":true,""load"":100},{""success"":true,""load"":100}]","",RX,
12/22/2023,"CLEAN & JERK","Clean & Jerk1-1-1Start at Hang Squat Snatch Weight, add load after each repBuild up to no more than 80% of 1RM",175,"175","Load","Clean & Jerk","[{""success"":true,""load"":135},{""success"":true,""load"":165},{""success"":true,""load"":175}]","",RX,
12/22/2023,"FRONT SQUAT","Front Squat2-2-2-2-2-2Start building from an empty bar, add load on each set.No heavier than 80% of 1RM",165,"165","Load","Front Squat","[{""success"":true,""load"":135},{""success"":true,""load"":135},{""success"":true,""load"":145},{""success"":true,""load"":155},{""success"":true,""load"":165},{""success"":true,""load"":165}]","",RX,
12/22/2023,"HIGH HANG SQUAT SNATCH","High Hang Squat Snatch2-2-2-2Start with an empty bar, add load each setbuilding up to no more than 67% of 1RM",95,"95","Load","Hang Squat Snatch","[{""success"":true,""load"":75},{""success"":true,""load"":75},{""success"":true,""load"":95},{""success"":true,""load"":95}]","",RX,
12/23/2023,"12 DAYS OF FITNESS","12 rounds for time, starting with 1 and add an exercise each round:1 100m Run2 wall walks3 box step or jump overs 4 push-ups5 sit ups 6 lunges7 burpees8 air squats9 KB deadlifts 10 pull ups (or ring rows)11 inch worms12 jumping jacksPerform the workout like the ""12 Days of Christmas"" song. In round 1, perform 1 wall walk. In round 2 perform 2 candlesticks and then 1 wall walk. In round 3, perform 3 burpees, then 2 candlesticks, then 1 wall walk. Continue adding a new exercise each round.",2284,"38:04","","","[{""secs"":4,""mins"":38}]","",RX,
12/26/2023,"MICHAEL","- RX -3 rounds for time:800-m run50 hip extensions50 sit-ups- INTERMEDIATE -3 rounds for time:800-m run25 hip extensions50 sit-ups- BEGINNER -3 rounds for time:400-m run25 unweighted good mornings25 sit-ups",1491,"24:51","","","[{""secs"":51,""mins"":24}]","Good mornings instead of hip extensions",SCALED,PR
12/27/2023,"Push Press + Split Jerk","4x3 @ 78% of Push Press",130,"130","Load","","[{""success"":true,""load"":130},{""success"":true,""load"":130},{""success"":true,""load"":130},{""success"":true,""load"":130}]","81%",RX,
12/27/2023,"Hang Clean + Clean","4(1+1) @ 79%",165,"165","Load","","[{""success"":true,""load"":165},{""success"":true,""load"":165},{""success"":true,""load"":165},{""success"":true,""load"":165}]","82%",RX,
12/27/2023,"Front Rack Barbell Lunges","3 Sets- rig to garage door and back is 1 set-increase weight each week",65,"65","Load","","[{""success"":true,""load"":65},{""success"":true,""load"":65},{""success"":true,""load"":65}]","",RX,
01/02/2024,"HANG SNATCHES & BOX JUMP-OVERS","- RX -8 rounds for time:8 alternating DB hang snatches (35/50 lb)8 box jump-overs (24/30 in)- INTERMEDIATE -8 rounds for time:8 alternating DB hang snatches (20/35 lb)8 box jump-overs (20/24 in)- BEGINNER -8 rounds for time:8 alternating DB hang snatches (10/15 lb)8 box step-up overs (12/20 in)",572,"9:32","","","[{""secs"":32,""mins"":9}]","",RX,
01/02/2024,"BOX JUMP","On a 8:00 clock:5 attempts at a high box jump",47,"47","Inches","","[{""inches"":47}]","",RX,
01/03/2024,"Push Press + Split Jerk","4 sets of 2x(1+1) @ 78% of Push Press",135,"135","Load","","[{""success"":true,""load"":135},{""success"":true,""load"":135},{""success"":true,""load"":135},{""success"":true,""load"":135}]","",RX,
01/03/2024,"Hang Clean + Clean","4(1+1) @ 79%",165,"165","Load","","[{""success"":true,""load"":165},{""success"":true,""load"":165},{""success"":true,""load"":165},{""success"":true,""load"":165}]","",RX,
01/05/2024,"Clean and Jerk","3x1 @ 80%",160,"160","Load","","[{""success"":true,""load"":160},{""success"":true,""load"":160},{""success"":true,""load"":160}]","",RX,
01/05/2024,"Front Squat 6x2","6x2 @ 80%",170,"170","Load","Front Squat","[{""success"":true,""load"":170},{""success"":true,""load"":170},{""success"":true,""load"":170},{""success"":true,""load"":170},{""success"":true,""load"":170},{""success"":true,""load"":170}]","80% + 5#",RX,
01/05/2024,"High Hang Snatch","4x2 @ 67%",95,"95","Load","","[{""success"":true,""load"":95},{""success"":true,""load"":95},{""success"":true,""load"":95},{""success"":true,""load"":95}]","",RX,
01/06/2024,"BADGER (W/PARTNER)","- RX -3 rounds for time with a partner:30 squat cleans (65/95 lb)30 pull-ups800-m run- Athletes run together but break up the cleans and pull-ups as needed.- INTERMEDIATE -3 rounds for time with a partner:30 squat cleans (45/65 lb)30 pull-ups800-m run- Athletes run together but break up the cleans and pull-ups as needed.- BEGINNER -3 rounds for time with a partner:30 squat cleans (35/45 lb)30 jumping pull-ups600-m run- Athletes run together but break up the cleans and pull-ups as needed.",1591,"26:31","","","[{""secs"":31,""mins"":26}]","",RX,
01/08/2024,"OPEN 18.5","- RX - AMRAP 7:3-6-9-12... etc.Thrusters (65/100 lb)Chest-to-bar pull-ups- INTERMEDIATE - AMRAP 7:3-6-9-12... etc.Thrusters (55/75 lb)Kipping pull-ups- BEGINNER - AMRAP 7:3-6-9-12... etc.Thrusters (35/45 lb)Jumping chest-to-bar pull-ups",72,"72","Reps","","[{""reps"":72}]","75#",SCALED,PR
01/09/2024,"HEAVY OVERHEAD SQUATS","- RX - For load:3-3-3-3-3-3-3:Overhead squat- INTERMEDIATE - Same as RXd- BEGINNER - For load:5-5-5-5-5-5-5:Overhead squat- Scale to an empty barbell or PVC pipe as needed.",145,"145","Load","Overhead Squat","[{""success"":true,""load"":95},{""success"":true,""load"":95},{""success"":true,""load"":115},{""success"":true,""load"":115},{""success"":true,""load"":125},{""success"":true,""load"":125},{""success"":true,""load"":145}]","",RX,PR
01/10/2024,"BURPEES & RUNNING","- RX - 5 rounds for time:50-40-30-20-10 Burpees400m Run - INTERMEDIATE - Same as RXd- BEGINNER - 5 rounds for time:25-20-15-10-5 Burpees200m Run",1446,"24:06","","","[{""secs"":6,""mins"":24}]","",RX,
01/16/2024,"ROW FOR CALS","- RX -Every Min on the Min for 12:00 :30 Calorie Row  - INTERMEDIATE -Same as RXd- BEGINNER -Same as RXd",130,"130","Calories","","[{""calories"":130}]","",RX,
01/17/2024,"HEAVY FRONT SQUATS","Every 2:00 for 10:00:Front squats6-5-4-3-2 - Take the bar from the floor",165,"165","Load","Front Squat","[{""success"":true,""load"":115},{""success"":true,""load"":135},{""success"":true,""load"":145},{""success"":true,""load"":155},{""success"":true,""load"":165}]","",RX,
01/17/2024,"FRONT SQUATS & PULL-UPS","- RX -AMRAP 8:4 front squats (125/185 lb)3/4 strict pull-ups- INTERMEDIATE - AMRAP 8:4 front squats (95/135 lb)2/3 strict pull-ups- BEGINNER - AMRAP 8:4 front squats (55/75 lb)4 ring rows",48,"48","Reps","","[{""reps"":48}]","135#",SCALED,
01/18/2024,"POWER SNATCHES","- RX -Every 3:00 for 27:00Power snatch5-5-5-3-3-3-1-1-1- INTERMEDIATE -Same as RXd- BEGINNER -Same as RXd",140,"140","Load","Power Snatch","[{""success"":true,""load"":95},{""success"":true,""load"":100},{""success"":true,""load"":105},{""success"":true,""load"":115},{""success"":true,""load"":120},{""success"":true,""load"":125},{""success"":true,""load"":130},{""success"":true,""load"":135},{""success"":true,""load"":140}]","",RX,PR
01/19/2024,"RUN & CARRY","- RX -For time:1,600-meter run800-meter med-ball carry (14/20 lb)400-meter single-KB carry (35/53 lb)200-meter double-KB carry (35/53 lb)- INTERMEDIATE - For time:1,600-meter run800-meter med-ball carry (10/14 lb)400-meter single-KB carry (20/35 lb)200-meter double-KB carry (20/35 lb)- BEGINNER - For time:800-meter run400-meter med-ball carry (6/10 lb)200-meter single-KB carry (10/15 lb)100-meter double-KB carry (10/15 lb)",1230,"20:30","","","[{""secs"":30,""mins"":20}]","",RX,
01/22/2024,"12:00 AMRAP","- RX -12:00 AMRAP15 shoulder to overhead (65/95 lb)12 chest-to-bar pull-ups9 sumo deadlift - INTERMEDIATE -12:00 AMRAP15 shoulder to overhead (55/75 lb)12 kipping pull-ups9 sumo deadlift (55/75 lb)- BEGINNER -12:00 AMRAP12 shoulder to overhead (45/65 lb)9 ring rows6 sumo deadlift (45/65 lb)",4.003,"4+3","Rounds + Reps","","[{""rnds"":4,""reps"":3}]","",RX,
01/23/2024,"FOR REPS","- RX -4 rounds for reps:1:00 calorie row1:00 sit-ups1:00 DB box step-over (20"") (35/50 lb)- INTERMEDIATE -4 rounds for reps:1:00 calorie row1:00 sit-ups1:00 DB box step-over (20"") (20/35 lb)- BEGINNER -4 rounds for reps:1:00 calorie row1:00 sit-ups1:00 box step-over (20"")",219,"219","Reps","","[{""reps"":219}]","",RX,
01/24/2024,"RUN & BURPEES","3 x 4:00 AMRAP400-meter runAMRAP burpees4:00 Rest",94,"94","Reps","","[{""reps"":94}]","",RX,
01/26/2024,"REVERSE LUNGES","Alternating front-rack reverse lunges 6-6-6-6-6-6-6*3 lunges on one leg and then 3 on the other*:30-:60 plank hold between sets",135,"135","Load","","[{""success"":true,""load"":135}]","Failed 145#60 second planks",RX,
01/29/2024,"4 x 4:00 AMRAP","- RX -4 x 4:00 AMRAP3 hang power cleans (95/135 lb)6 shoulder-to-overheads9 lateral burpees over the bar12 pull-ups- Rest 2:00 between rounds.- INTERMEDIATE - 4 x 4:00 AMRAP3 hang power cleans (65/95 lb)6 shoulder-to-overheads9 burpees over the bar6 pull-ups- Rest 2:00 between rounds.- BEGINNER -4 x 4:00 AMRAP3 hang power cleans (35/45 lb)6 shoulder-to-overheads9 burpees over the bar6 jumping pull-ups- Rest 2:00 between rounds.",2.005,"2+5","Rounds + Reps","","[{""rnds"":2,""reps"":5},{""rnds"":2},{""rnds"":1,""reps"":9},{""rnds"":1,""reps"":11}]","95#",SCALED,
02/01/2024,"OPEN 23.1","-RX-AMRAP 14:60-calorie row50 toes-to-bars40 wall-ball shots (14/20 lb)(9/10 ft)30 cleans (95/135 lb)20 ring muscle-ups- INTERMEDIATE -AMRAP 14:60-calorie row50 hanging knee raises40 wall-ball shots (10/14 lb) (9/10 ft)30 cleans (65/95 lb)20 chin-over-bar pull-ups- BEGINNER -AMRAP 14:60 strokes on the rower50 sit-ups40 wall-ball shots (6/10 lb) (9/10 ft)30 cleans (35/45 lb)20 push-ups",160,"160","Reps","","[{""reps"":160}]","",RX,
02/02/2024,"Snatch 3x3","3x3 @ 75%",105,"105","Load","Snatch","[{""success"":true,""load"":105},{""success"":true,""load"":105},{""success"":true,""load"":105}]","",RX,
02/02/2024,"Clean & Jerk 3x2","3x2 @ 78%",135,"135","Load","Clean & Jerk","[{""success"":true,""load"":135},{""success"":true,""load"":135},{""success"":true,""load"":135}]","",RX,
02/02/2024,"Front Squat 5x2","5x2 @ 90%",185,"185","Load","Front Squat","[{""success"":true,""load"":185},{""success"":false,""load"":185},{""success"":true,""load"":165},{""success"":true,""load"":165},{""success"":true,""load"":165}]","",RX,PR
02/03/2024,"HANDSTAND WALK PRACTICE","On an 8:00 clock:Handstand walk practice",0,"0","Feet","","[{""feet"":0}]","",SCALED,
02/03/2024,"HEAVY SHOULDER PRESSES","-RX-For load:3-3-3-3-3-3-3Shoulder press- INTERMEDIATE - Same as RXd- BEGINNER - Same as RXd",115,"115","Load","Shoulder Press","[{""success"":true,""load"":105},{""success"":true,""load"":105},{""success"":true,""load"":105},{""success"":true,""load"":115},{""success"":true,""load"":115},{""success"":true,""load"":115},{""success"":true,""load"":115}]","",RX,
02/05/2024,"Power Clean + Clean + Front Squat","4x (1+1+1) @ 85% of Power Clean",155,"155","Load","","[{""success"":true,""load"":155},{""success"":true,""load"":155},{""success"":true,""load"":155},{""success"":true,""load"":155}]","",RX,
02/05/2024,"Shoulder Press 4x2","Increase weight each set",125,"125","Load","Shoulder Press","[{""success"":true,""load"":95},{""success"":true,""load"":105},{""success"":true,""load"":115},{""success"":true,""load"":125}]","Missed 130# (only got 1)",RX,
02/05/2024,"Back Squat 4x2","4x2 @ 88%",205,"205","Load","Back Squat","[{""success"":true,""load"":205},{""success"":true,""load"":205},{""success"":true,""load"":205},{""success"":true,""load"":205}]","",RX,
02/08/2024,"BACK SQUATS","Back Squat10-10-7-7-4-4-1-1",215,"215","Load","Back Squat","[{""success"":true,""load"":115},{""success"":true,""load"":115},{""success"":true,""load"":135},{""success"":true,""load"":135},{""success"":true,""load"":155},{""success"":true,""load"":165},{""success"":true,""load"":205},{""success"":true,""load"":215}]","Definitely could have gone heavier",RX,
02/09/2024,"Front Squat 4x2","4x2 @92",165,"165","Load","Front Squat","[{""success"":true,""load"":165},{""success"":true,""load"":165},{""success"":true,""load"":165},{""success"":true,""load"":165}]","",RX,
02/09/2024,"Snatch 3x3","3x3 @ 78%",110,"110","Load","Snatch","[{""success"":true,""load"":110},{""success"":true,""load"":110},{""success"":true,""load"":110}]","",RX,
02/09/2024,"Clean & Jerk 3x2","3x2 @ 81%",140,"140","Load","Clean & Jerk","[{""success"":true,""load"":140},{""success"":true,""load"":140},{""success"":true,""load"":140}]","",RX,
02/10/2024,"PARTNER WORKOUT","For time:800-m run together-10 rounds: (alternate full rounds)10 alternating single-DB hang squat cleans (35/50 lb)30 double-unders-800-m run together",1308,"21:48","","","[{""secs"":48,""mins"":21}]","35#",SCALED,
02/12/2024,"FOR TIME","- RX -3 rounds for time:15 hang power snatches (65/95 lb)15 chest-to-bar pull-ups- INTERMEDIATE -3 rounds for time:15 hang power snatches (55/75 lb)15 pull-ups- BEGINNER -3 rounds for time:15 hang power snatches (35/45 lb)15 jumping chest-to-bar pull-ups",510,"8:30","","","[{""secs"":30,""mins"":8}]","75#",SCALED,
02/12/2024,"Back Squat 4x2","4x2 @ 91%",210,"210","Load","Back Squat","[{""success"":true,""load"":210},{""success"":true,""load"":210},{""success"":true,""load"":210},{""success"":true,""load"":210}]","",RX,PR
02/12/2024,"HANG POWER SNATCHES","EMOM 8:1 hang power snatch1 high hang power snatch- Build in load, but only as quality mechanics allow.",115,"115","Load","","[{""success"":true,""load"":115}]","",RX,
02/12/2024,"Power Clean + Clean + Front Squat","4x (1+1+1) @ 88% of Power Clean",160,"160","Load","","[{""success"":true,""load"":160},{""success"":true,""load"":160},{""success"":true,""load"":160},{""success"":true,""load"":160}]","",RX,
02/12/2024,"Shoulder Press 4x2","Increase weight each set",125,"125","Load","Shoulder Press","[{""success"":true,""load"":100},{""success"":true,""load"":115},{""success"":true,""load"":120},{""success"":true,""load"":125}]","",RX,
02/14/2024,"HEAVY DEADLIFTS","- RX -For load: 5-5-3-3-1-1Deadlift- Start at 75% of 1-rep-max.- Build to a 1-rep-max deadlift. - INTERMEDIATE -Same as RX’d- BEGINNER -For load: 5-5-5-5-5Deadlift- Find a moderately heavy load and stay there for all 5 sets. - Work on mechanics and safe, efficient movement.",315,"315","Load","Deadlift","[{""success"":true,""load"":245},{""success"":true,""load"":255},{""success"":true,""load"":275},{""success"":true,""load"":285},{""success"":true,""load"":315},{""success"":true,""load"":315}]","",RX,
02/16/2024,"BIKING & BURPEES","- RX -10 rounds for time: 8/10-calorie bike10 burpees- INTERMEDIATE -10 rounds for time:7/9-calorie bike8 burpees- BEGINNER -8 rounds for time: 6/8-calorie bike5 burpees",1140,"19:00","","","[{""secs"":0,""mins"":19}]","",RX,
02/16/2024,"Front Squat 3x2","3x2 @ 94%",175,"175","Load","Front Squat","[{""success"":true,""load"":175},{""success"":true,""load"":175},{""success"":true,""load"":175}]","",RX,
02/16/2024,"WEIGHTED PULL UPS","1 RM weighted pull-ups",53,"53","Load","","[{""success"":true,""load"":53}]","",RX,
02/16/2024,"Snatch 3x3","3x3 @ 81%",115,"115","Load","Snatch","[{""success"":true,""load"":115},{""success"":true,""load"":115},{""success"":true,""load"":115}]","",RX,
02/16/2024,"Clean & Jerk 3x2","3x2 @ 84%",145,"145","Load","Clean & Jerk","[{""success"":true,""load"":145},{""success"":true,""load"":145},{""success"":true,""load"":145}]","",RX,
02/17/2024,"FOR TIME (w/PARTNER)","- RX -For time with a partner:800-meter run80 KB swings (35/53 lb)80 KB walking lunges800-meter run- Run together, and split KB work as desired.  - INTERMEDIATE -Same as RX’d- BEGINNER -For time with a partner:600-meter run60 KB swings (18/26 lb)60 KB walking lunges600-meter run- Run together, and split KB work as desired.",1140,"19:00","","","[{""mins"":19}]","",RX,
02/19/2024,"Power Clean + Clean + Front Squat","4x (1+1+1) @ 91% of Power Clean",165,"165","Load","","[{""success"":true,""load"":165},{""success"":true,""load"":165},{""success"":true,""load"":165},{""success"":true,""load"":165}]","",RX,
02/19/2024,"Back Squat 4x1","4x1 @ 94%",220,"220","Load","Back Squat","[{""success"":true,""load"":220},{""success"":true,""load"":220},{""success"":true,""load"":220},{""success"":true,""load"":220}]","",RX,
02/19/2024,"HEAVY HANG SQUAT CLEANS","- RX -Hang squat cleans2-2-2-2-2- INTERMEDIATE -Same as RX’d- BEGINNER -Hang squat cleans4-4-4-4-4",175,"175","Load","Hang Squat Clean","[{""success"":true,""load"":135},{""success"":true,""load"":145},{""success"":true,""load"":155},{""success"":true,""load"":165},{""success"":true,""load"":175}]","",RX,
02/19/2024,"Shoulder Press 4x3","4x3- weight from previous week (4x2)",115,"115","Load","Shoulder Press","[{""success"":true,""load"":115},{""success"":true,""load"":115},{""success"":true,""load"":115},{""success"":true,""load"":115}]","",RX,
02/20/2024,"PUSH PRESSES & LUNGES","- RX -5 rounds for time:20 push presses (55/75 lb)20 alternating front rack lunges- INTERMEDIATE -5 rounds for time:12 push presses (55/75 lb)12 alternating front rack lunges- BEGINNER -5 rounds for time:10 push presses (35/45 lb)10 alternating front rack lunges",863,"14:23","","","[{""secs"":23,""mins"":14}]","",RX,
02/20/2024,"PUSH PRESSES","EMOM 8:2 push presses",150,"150","Load","Push Press","[{""success"":true,""load"":115},{""success"":true,""load"":125},{""success"":true,""load"":135},{""success"":true,""load"":135},{""success"":true,""load"":140},{""success"":true,""load"":140},{""success"":true,""load"":145},{""success"":true,""load"":150}]","",RX,
02/21/2024,"Bench Press 4x3","4x3- work up to a heavy 3",155,"155","Load","Bench Press","[{""success"":true,""load"":135},{""success"":true,""load"":155},{""success"":true,""load"":155},{""success"":false,""load"":165}]","",RX,
02/21/2024,"Snatch Pull + Low Hang Snatch","5x (1+1) @79%",115,"115","Load","","[{""success"":true,""load"":115},{""success"":true,""load"":115},{""success"":true,""load"":115},{""success"":true,""load"":115},{""success"":true,""load"":115}]","",RX,
02/21/2024,"Deadlift 4x1","4x1 @ 93%",315,"315","Load","Deadlift","[{""success"":true,""load"":315},{""success"":true,""load"":315},{""success"":true,""load"":315},{""success"":true,""load"":315}]","",RX,
02/26/2024,"Power Clean + Clean + Front Squat","4x (1+1+1) @ 93% of Power Clean",170,"170","Load","","[{""success"":true,""load"":170},{""success"":true,""load"":170},{""success"":true,""load"":170},{""success"":true,""load"":170}]","",RX,
02/26/2024,"Back Squat 4x1","4x1 @ 97%",230,"230","Load","Back Squat","[{""success"":true,""load"":230},{""success"":true,""load"":230},{""success"":true,""load"":230},{""success"":true,""load"":230}]","",RX,
02/26/2024,"Shoulder Press 4x2","4 sets to find a heavy 2 (5- 10 more pounds than previous week)",130,"130","Load","Shoulder Press","[{""success"":true,""load"":120},{""success"":true,""load"":125},{""success"":true,""load"":130}]","",RX,PR
02/28/2024,"Deadlift 4x1","4x1 @ 95%",320,"320","Load","Deadlift","[{""success"":true,""load"":320},{""success"":true,""load"":320},{""success"":true,""load"":320},{""success"":true,""load"":320}]","",RX,
02/28/2024,"Snatch Pull + Low Hang Snatch","5x (1+1) @81%",115,"115","Load","","[{""success"":true,""load"":115},{""success"":true,""load"":115},{""success"":true,""load"":115},{""success"":true,""load"":115},{""success"":true,""load"":115}]","",RX,
02/29/2024,"ROWING INTERVALS","- RX -5 sets for total time:500-m row- Rest 3:00 between sets.- INTERMEDIATE -Same as Rxd- BEGINNER -5 sets for total time:300-m row- Rest 3:00 between sets.",105,"1:45","","","[{""secs"":45,""mins"":1},{""secs"":47,""mins"":1},{""secs"":53,""mins"":1},{""secs"":14,""mins"":2},{""secs"":51,""mins"":1}]","",RX,
03/02/2024,"Open 24.1","For time:21 dumbbell snatches, arm 121 lateral burpees over dumbbell21 dumbbell snatches, arm 221 lateral burpees over dumbbell15 dumbbell snatches, arm 115 lateral burpees over dumbbell15 dumbbell snatches, arm 215 lateral burpees over dumbbell9 dumbbell snatches, arm 19 lateral burpees over dumbbell9 dumbbell snatches, arm 29 lateral burpees over dumbbellTime cap: 15 minutes♀ 35-lb dumbbell♂ 50-lb dumbbell",908,"15:08","","","[{""secs"":8,""mins"":15}]","8 reps short",RX,
03/04/2024,"Back Squat 1x1","Back Squat for load: #1: 1 rep",215,"215","Load","Back Squat","[{""success"":true,""load"":215}]","",RX,
03/04/2024,"Power Clean + Clean + Front Squat","1x (1+1+1) - Heavy As Possible",175,"175","Load","","[{""success"":true,""load"":175}]","",RX,
03/04/2024,"CF OPEN 2024 TEAM COMP","1pt - for participating on Saturday.1pt - for submitting my score on time (5pm Monday) at Games.CrossFit.com.1pt - for each spectator you brought to Saturdays workout. (note names of guests for credit)1pt - for judging one or more workouts. (only 1 point possible)",3,"3","Points","","[{""points"":3}]","",RX,
03/04/2024,"Shoulder Press 1x1","Find a Heavy 1RM",125,"125","Load","Shoulder Press","[{""success"":true,""load"":125}]","",RX,
03/05/2024,"FRONT SQUATS & BURPEE BOX JUMP-OVERS","- RX -3 x 2:00 rounds:12 front squats (105/155 lb)Max burpee box jump-overs2:00 rest- INTERMEDIATE -3 x 2:00 rounds:12 front squats (75/115 lb)Max burpee box jump-overs2:00 rest- BEGINNER -3 x 2:00 rounds:12 front squats (35/45 lb)Max burpee box step-overs2:00 rest",30,"30","Reps","","[{""reps"":30}]","125#",SCALED,
03/06/2024,"JUMP ROPE TABATA","8 rounds:20 double-under, triple-under, or crossover work:10 rest",20,"20","Reps","","[{""reps"":20}]","",RX,
03/06/2024,"DOUBLE-UNDERS & PRESSES","- RX -AMRAP 8:40 double-unders10 push presses (65/95 lb)- INTERMEDIATE -AMRAP 8:40 double-under attempts10 push presses (45/65 lb)- BEGINNER -AMRAP 8:30 single-unders10 push presses (35/45 lb)",4.009,"4+9","Rounds + Reps","","[{""rnds"":4,""reps"":9}]","",RX,
03/07/2024,"DEADLIFTS","- RX -Deadlifts 3-3-3-3-3-3*Use the same load across all sets.- INTERMEDIATE -Same as RXd- BEGINNER -Deadlifts 5-5-5-5-5-5*Use the same load across all sets.",305,"305","Load","Deadlift","[{""success"":true,""load"":305},{""success"":true,""load"":305},{""success"":true,""load"":305},{""success"":true,""load"":305},{""success"":true,""load"":305},{""success"":true,""load"":305}]","",RX,
03/09/2024,"Open 24.2","As many rounds and reps as possible in 20 minutes of:300-meter row10 deadlifts50 double-unders♀ 125 lb (56 kg)♂ 185 lb (83 kg)",5.018,"5+18","Rounds + Reps","","[{""rnds"":5,""reps"":18}]","",RX,PR
03/11/2024,"Front Squat 3x5","3x5 @ 70%",145,"145","Load","Front Squat","[{""success"":true,""load"":145},{""success"":true,""load"":145},{""success"":true,""load"":145}]","",RX,
03/11/2024,"Snatch 4x3","4x3 @ 65%",95,"95","Load","Snatch","[{""success"":true,""load"":95},{""success"":true,""load"":95},{""success"":true,""load"":95},{""success"":true,""load"":95}]","",RX,
03/11/2024,"CF OPEN 2024 TEAM COMP","1pt - for participating on Saturday.1pt - for submitting my score on time (5pm Monday) at Games.CrossFit.com.1pt - for each spectator you brought to Saturdays workout. (note names of guests for credit)1pt - for judging one or more workouts. (only 1 point possible)",3,"3","Points","","[{""points"":3}]","",RX,
03/11/2024,"AMANDA","- RX -For time:9-7-5:Muscle-upsSquat snatches (95/135 lb)- INTERMEDIATE -For time:9-7-5Low ring muscle-up transitionsSquat snatches (65/95 lb)- BEGINNER -For time:9-7-5:Ring rowsKnee push-upsSquat snatches (PVC)",896,"14:56","","","[{""secs"":56,""mins"":14}]","Ring muscle ups105#",SCALED,
03/11/2024,"Power Clean 4x3","4x3 @ 65%",120,"120","Load","Power Clean","[{""success"":true,""load"":120},{""success"":true,""load"":120},{""success"":true,""load"":120},{""success"":true,""load"":120}]","",RX,
03/11/2024,"Accessory","3 Rounds20 sit ups1 minute plank hold",0,"0","Load","","[{""success"":true}]","",RX,
03/12/2024,"CLEAN & JERKS","- RX -Clean and jerk1-1-1-1-1- INTERMEDIATE - Same as Rxd- BEGINNER - Clean and jerk2-2-2-2-2",180,"180","Load","Clean & Jerk","[{""success"":true,""load"":155},{""success"":true,""load"":165},{""success"":true,""load"":170},{""success"":true,""load"":175},{""success"":true,""load"":180}]","",RX,
03/16/2024,"Open 24.3","All for time: 5 rounds of:         10 thrusters, weight 1    10 chest-to-bar pull-ups Rest 1 minute, then:5 rounds of:     7 thrusters, weight 2    7 bar muscle-ups Time cap: 15 minutes♀ 65, 95 lb (29, 43 kg)♂ 95, 135 lb (43, 61 kg)",900,"15:00","","","[{""mins"":15}]","101 reps",RX,PR
03/18/2024,"CF OPEN 2024 TEAM COMP","1pt - for participating on Saturday.1pt - for submitting my score on time (5pm Monday) at Games.CrossFit.com.1pt - for each spectator you brought to Saturdays workout. (note names of guests for credit)1pt - for judging one or more workouts. (only 1 point possible)",3,"3","Points","","[{""points"":3}]","",RX,
03/18/2024,"Push Press 4x2","4x2 @ 70% of Push Press",115,"115","Load","Push Press","[{""success"":true,""load"":115},{""success"":true,""load"":115},{""success"":true,""load"":115},{""success"":true,""load"":115}]","",RX,
03/18/2024,"SIT UPS & PUSH JERKS","- RX -For time:50-40-30-20-10Sit ups5-10-15-20-25Push jerks (95/135 lb)- INTERMEDIATE - For time:50-40-30-20-10Sit ups 5-10-15-20-25Push jerks (65/95 lb)- BEGINNER - For time:25-20-15-10-5Sit ups 3-6-9-12-15Push presses (35/45 lb)",1057,"17:37","","","[{""secs"":37,""mins"":17}]","95#",SCALED,
03/18/2024,"PUSH JERKS","On a 10:00 clock:Build to a heavy 3-rep push jerk",155,"155","Load","Push Jerk","[{""success"":true,""load"":155}]","",RX,PR
03/18/2024,"Front Squat 4x4","4x4 @ 70%",145,"145","Load","Front Squat","[{""success"":true,""load"":145},{""success"":true,""load"":145},{""success"":true,""load"":145},{""success"":true,""load"":145}]","",RX,
03/18/2024,"Snatch Pull + Power Snatch","4x (1+1) @ 65% of Snatch",95,"95","Load","","[{""success"":true,""load"":95},{""success"":true,""load"":95},{""success"":true,""load"":95},{""success"":true,""load"":95}]","",RX,
03/19/2024,"ROWING & BURPEE PULL-UPS","- RX -3 rounds for time:400/500-m row21 burpee pull-ups- Pull-up bar 6 inches from fingertips with arms overhead.- INTERMEDIATE - 3 rounds for time:400/500-m row12 burpee pull-ups- Pull-up bar 1 inch from fingertips with arms overhead.- BEGINNER - 3 rounds for time:200/250-m row12 burpee pull-ups- Pull-up bar between forearm and elbow with arms overhead.",924,"15:24","","","[{""secs"":24,""mins"":15}]","",RX,
03/25/2024,"DOUBLE-UNDERS & THRUSTERS","-RX-5 rounds for time:50 double-unders10 thrusters (95/135 lb)- INTERMEDIATE - 5 rounds for time:30 double-unders10 thrusters (85/115 lb)- BEGINNER - 5 rounds for time:50 single-unders10 thrusters (35/45 lb)",851,"14:11","","","[{""secs"":11,""mins"":14}]","95#",SCALED,
03/25/2024,"HEAVY PUSH PRESSES","On a 10:00 clock:Build to a heavy 3-rep push press",155,"155","Load","Push Press","[{""success"":true,""load"":155}]","",RX,
03/27/2024,"Accessory:","4 Rounds:Strict Pulls Up- 5Bent over rows- DB Bench- 6/ side",45,"45","Load","","[{""success"":true,""load"":45},{""success"":true,""load"":45},{""success"":true,""load"":45},{""success"":true,""load"":45}]","",RX,
03/27/2024,"Clean + Front Squat + Push Press","4x (2+2+1) @ 84% of Push Press",135,"135","Load","","[{""success"":true,""load"":135},{""success"":true,""load"":135},{""success"":true,""load"":135},{""success"":true,""load"":135}]","",RX,
03/27/2024,"Hang Snatch + High Hang Snatch","4x (1+1) @ 69% of Snatch",95,"95","Load","","[{""success"":true,""load"":95},{""success"":true,""load"":95},{""success"":true,""load"":95},{""success"":true,""load"":95}]","",RX,
03/27/2024,"Deficit Snatch Grip Deadlift","4x4 @ 90% of Snatch",135,"135","Load","","[{""success"":true,""load"":135},{""success"":true,""load"":135},{""success"":true,""load"":135},{""success"":true,""load"":135}]","",RX,
03/28/2024,"SNATCH PULLS","5 sets:3 snatch pulls- At or slightly above max snatch weight",140,"140","Load","","[{""success"":true,""load"":140}]","",RX,
03/28/2024,"HEAVY SNATCHES","- RX -For load:5-5-3-3-1-1-1Snatch- INTERMEDIATE - Same as Rxd- BEGINNER - For load:3-3-3-3-3-3-3Snatch",140,"140","Load","Snatch","[{""success"":true,""load"":95},{""success"":true,""load"":105},{""success"":true,""load"":105},{""success"":true,""load"":115},{""success"":true,""load"":125},{""success"":true,""load"":135},{""success"":true,""load"":140}]","",RX,PR
03/29/2024,"Snatch 5x1","5x1 @ 81%",115,"115","Load","Snatch","[{""success"":true,""load"":115},{""success"":true,""load"":115},{""success"":true,""load"":115},{""success"":true,""load"":115},{""success"":true,""load"":115}]","",RX,
03/29/2024,"Clean Pull + Power Clean + Split Jerk","3x (1+1+1) @ 75 of Power Clean",135,"135","Load","","[{""success"":true,""load"":135},{""success"":true,""load"":135},{""success"":true,""load"":135}]","",RX,
03/29/2024,"Back Squat 4x6","4x6 @ 74%",170,"170","Load","Back Squat","[{""success"":true,""load"":170},{""success"":true,""load"":170},{""success"":true,""load"":170},{""success"":true,""load"":170}]","",RX,
03/29/2024,"Accessory:","Barbell Curls4 Rounds21s7 -full bicep curls 7 -half to full curl7-bottom to half curl",45,"45","Load","","[{""success"":true,""load"":45},{""success"":true,""load"":45},{""success"":true,""load"":45},{""success"":true,""load"":45}]","",RX,
04/02/2024,"FOR TIME","- RX -3 rounds for time:4 rope climbs12 GHD sit-ups16 single-leg squats- INTERMEDIATE - 3 rounds for time:2 rope climbs12 GHD sit-ups to parallel16 single-leg squats to a target (16 in)- BEGINNER - 3 rounds for time:4 pull-to-stands12 sit-ups16 alternating reverse lunges",864,"14:24","","","[{""secs"":24,""mins"":14}]","Box step ups (30”)",SCALED,
04/03/2024,"Accessory:","4 Rounds:Strict Pulls Up- 5Bent over rows- DB Bench- 6/ side",55,"55","Load","","[{""success"":true,""load"":55},{""success"":true,""load"":55},{""success"":true,""load"":55},{""success"":true,""load"":55}]","",RX,
04/03/2024,"CLEAN & JERKS","- RX -Every 2 minutes for 10 rounds:1 clean and jerk- INTERMEDIATE - Same as Rxd- BEGINNER - Every 2 minutes for 10 rounds:2 clean and jerks",175,"175","Load","Clean & Jerk","[{""success"":true,""load"":105},{""success"":true,""load"":105},{""success"":true,""load"":115},{""success"":true,""load"":115},{""success"":true,""load"":125},{""success"":true,""load"":135},{""success"":true,""load"":155},{""success"":true,""load"":155},{""success"":true,""load"":165},{""success"":true,""load"":175}]","",RX,
04/04/2024,"AMRAP 8:00","- RX -Complete as many reps as possible in 8 minutes of:5 shuttle runs 10 double-DB push jerks (35/50 lb)20 box step-ups (20/24 in)- 1 shuttle run = 25 ft down/25 ft back- INTERMEDIATE - Complete as many reps as possible in 8 minutes of:5 shuttle runs10 double-DB push jerks (20/35 lb)20 box step-ups (20/24 in)- 1 shuttle run = 25 ft down/25 ft back- BEGINNER - Complete as many reps as possible in 8 minutes of:5 shuttle runs10 double-DB push presses (10/15 lb)20 box step-ups (12/20 in)- 1 shuttle run = 25 ft down/25 ft back",3.018,"3+18","Rounds + Reps","","[{""rnds"":3,""reps"":18}]","45#",SCALED,
04/04/2024,"AB WORK","4 sets::20 plank hold:10 rest:20 flutter kicks:10 rest",0,"🪦","Other / Text","","[{""other"":""🪦""}]","",RX,
04/08/2024,"Push Press 4x2","4x2 @ 81% of Push Press",135,"135","Load","Push Press","[{""success"":true,""load"":135},{""success"":true,""load"":135},{""success"":true,""load"":135},{""success"":true,""load"":135}]","",RX,
04/08/2024,"Snatch Pull + Power Snatch","4x (1+1) @ 74% of Snatch",105,"105","Load","","[{""success"":true,""load"":105},{""success"":true,""load"":105},{""success"":true,""load"":105},{""success"":true,""load"":105}]","",RX,
04/08/2024,"Front Squat 4x4","4x4 @ 81%",165,"165","Load","Front Squat","[{""success"":true,""load"":165},{""success"":true,""load"":165},{""success"":true,""load"":165},{""success"":true,""load"":165}]","",RX,PR
04/10/2024,"Accessory:","4 Rounds:Strict Pulls Up- 5Bent over rows- DB Bench- 6/ side",53,"53","Load","","[{""success"":true,""load"":53},{""success"":true,""load"":53},{""success"":true,""load"":53},{""success"":true,""load"":53}]","",RX,
04/10/2024,"FOR TIME","- RX -3 rounds for time:400-m run21 knees-to-elbows12 double-DB hang squat cleans (35/50 lb)- INTERMEDIATE - 3 rounds for time:400-m run21 knees-to-armpits12 double-DB hang squat cleans (20/35 lb)- BEGINNER - 3 rounds for time:200-m run12 hanging knee raises12 double-DB hang squat cleans (10/15 lb)",810,"13:30","","","[{""secs"":30,""mins"":13}]","40#",SCALED,
04/10/2024,"Clean + Front Squat + Push Press","3x (2+2+1) @ 89% of Push Press",145,"145","Load","","[{""success"":true,""load"":145},{""success"":true,""load"":145},{""success"":true,""load"":145}]","",RX,
04/10/2024,"Hang Snatch + High Hang Snatch","4x (1+1) @ 75% of Snatch",105,"105","Load","","[{""success"":true,""load"":105},{""success"":true,""load"":105},{""success"":true,""load"":105},{""success"":true,""load"":105}]","",RX,
04/10/2024,"Deficit Snatch Grip Deadlift","4x4 @ 100% of Snatch",145,"145","Load","","[{""success"":true,""load"":145},{""success"":true,""load"":145},{""success"":true,""load"":145},{""success"":true,""load"":145}]","",RX,
04/11/2024,"HEAVY SHOULDER PRESSES","- RX -For load:Shoulder press2-2-2-2-2-2-2-2-2-2- Perform a new set every 2:00.- INTERMEDIATE - Same as Rxd- BEGINNER - Same as Rxd",130,"130","Load","Shoulder Press","[{""success"":true,""load"":65},{""success"":true,""load"":65},{""success"":true,""load"":75},{""success"":true,""load"":75},{""success"":true,""load"":95},{""success"":true,""load"":105},{""success"":true,""load"":110},{""success"":true,""load"":115},{""success"":true,""load"":125},{""success"":true,""load"":130}]","",RX,
04/15/2024,"BAR MUSCLE-UPS","EMOM 5:1-3 bar muscle-ups",0,"12","Other / Text","","[{""other"":""12""}]","",RX,
04/15/2024,"C2Bs & BURPEE BOX JUMP-OVERS","- RX -Complete as many reps as possible in 10:00 of:2 chest-to-bar pull-ups2 burpee box jump-overs (20/24 in)4 chest-to-bar pull-ups4 burpee box jump-overs (20/24 in)6 chest-to-bar pull-ups6 burpee box jump-overs (20/24 in)... continue to add 2 reps to each movement in the sequence until time expires.- INTERMEDIATE - Complete as many reps as possible in 10:00 of:2 chin-over-bar pull-ups2 burpee box jump-overs (20/24 in)4 chin-over-bar pull-ups4 burpee box jump-overs (20/24 in)6 chin-over-bar pull-ups6 burpee box jump-overs (20/24 in)... continue to add 2 reps to each movement in the sequence until time expires.- BEGINNER - Complete as many reps as possible in 10:00 of:2 ring rows2 burpee box step-overs (12/20 in)4 ring rows4 burpee box step-overs (12/20 in)6 ring rows6 burpee box step-overs (12/20 in)... continue to add 2 reps to each movement in the sequence until time expires.",84,"84","Reps","","[{""reps"":84}]","",RX,
04/22/2024,"FOR TIME","- RX -3 rounds for time:60 walking lunges40 double-unders20 Abmat Sit Ups- INTERMEDIATE -3 rounds for time:40 walking lunges:30 double-under attempts15 Abmat sit-ups - BEGINNER -3 rounds for time:30 walking lunges40 single-unders20 Abmat sit-ups",620,"10:20","","","[{""secs"":20,""mins"":10}]","",RX,
04/22/2024,"SUPERMAN HOLD","Accumulate:3:00 Superman hold- Perform on the floor or a GHD.",0,"✨","Other / Text","","[{""other"":""✨""}]","",RX,
04/25/2024,"POWER CLEANS & HAND-RELEASE PUSH-UPS","- RX -For time:5 power cleans (75/115 lb)20 hand-release push-ups15-cal row10 power cleans20 hand-release push-ups15-cal row15 power cleans20 hand-release push-ups15-cal row- INTERMEDIATE -For time:5  power cleans (55/75 lb)15 hand-release push-ups15-cal row10  power cleans15 hand-release push-ups15-cal row15  power cleans15 hand-release push-ups15-cal row- BEGINNER -For time:5 power cleans (35/45 lb)10 hand-elevated push-ups10-cal row10  power cleans10 hand-elevated push-ups10-cal row15  power cleans10 hand-elevated push-ups10-cal row",640,"10:40","","","[{""secs"":40,""mins"":10}]","",RX,
04/29/2024,"Skill Work","Post-workoutEMOM 8:2 push presses- Build to a heavy set of 2 reps.",145,"145","Load","Push Press","[{""success"":true,""load"":65},{""success"":true,""load"":65},{""success"":true,""load"":95},{""success"":true,""load"":95},{""success"":true,""load"":115},{""success"":true,""load"":115},{""success"":true,""load"":145},{""success"":true,""load"":145}]","",RX,
04/29/2024,"JACKIE","- RX -For time:1,000-m row50 thrusters (35/45 lb)30 pull-ups- INTERMEDIATE - For time:1,000-m row30 thrusters (35/45 lb)15 pull-ups- BEGINNER - For time:750-m row30 thrusters with PVC pipe15 ring rows",690,"11:30","","","[{""secs"":30,""mins"":11}]","",RX,PR
05/01/2024,"HEAVY SNATCH","- RX -Every 2:00 for 10 rounds:1 snatch- INTERMEDIATE -Same as RXd- BEGINNER - Every 2:00 for 10 rounds:2 snatches",135,"135","Load","Snatch","[{""success"":true,""load"":65},{""success"":true,""load"":75},{""success"":true,""load"":75},{""success"":true,""load"":95},{""success"":true,""load"":105},{""success"":true,""load"":115},{""success"":true,""load"":115},{""success"":true,""load"":125},{""success"":true,""load"":135},{""success"":true,""load"":135}]","Done at RATH Fitness on 5/2",RX,
05/02/2024,"AMRAP 10:00","- RX -Complete as many reps as possible in 10:00 of:10 double-DB box step-overs (20/35 lb) (20/24 in)5 shuttle runs- 1 shuttle run = 25 ft down/25 ft back.- INTERMEDIATE - Complete as many reps as possible in 10:00 of:10 double-DB box step-overs (10/15 lb) (20/24 in)5 shuttle runs- 1 shuttle run = 25 ft down/25 ft back.- BEGINNER - Complete as many reps as possible in 10:00 of:10 box step-overs (12/20 in)5 shuttle runs- 1 shuttle run = 25 ft down/25 ft back.",6,"6","Rounds + Reps","","[{""rnds"":6}]","Done at RATH Fitness",RX,
05/06/2024,"BARBARA","- RX -5 rounds, each for time, of:20 pull-ups30 push-ups40 sit-ups50 squats- Rest 3:00 between rounds.- INTERMEDIATE - 5 rounds, each for time, of:10 pull-ups20 push-ups30 sit-ups40 squats- Rest 3:00 between rounds.- BEGINNER -3-5 rounds, each for time, of:10 jumping pull-ups10 hand-elevated push-ups20 sit-ups20 squats- Rest 3:00 between rounds.",1962,"32:42","","","[{""secs"":42,""mins"":32}]","-10 reps from each movement",SCALED,PR
05/07/2024,"Skill Work","Pre-workout:On a 10:00 clock:3 unbroken clean and jerks- Build to a heavy set.",145,"145","Load","Clean & Jerk","[{""success"":true,""load"":145}]","",RX,
05/07/2024,"RUN & CLEAN AND JERKS","- RX -5 rounds for time:200-m run6 clean and jerks (125/185 lb)- INTERMEDIATE - 5 rounds for time:200-m run6 clean and jerks (105/155 lb)- BEGINNER - 5 rounds for time:200-m run6 clean and jerks (55/75 lb)",900,"15:00","","","[{""mins"":15}]","145#",SCALED,
05/09/2024,"BIKE & BAR","- RX -3 rounds for time:25 knees-to-elbows1 mile echo Bike- INTERMEDIATE - 3 rounds for time:25 knees-to-armpits1 mile echo Bike- BEGINNER - 3 rounds for time:15 hanging knee raises0.75 mile Bike",851,"14:11","","","[{""secs"":11,""mins"":14}]","",RX,
05/10/2024,"HEAVY BACK SQUATS","- RX -Back Squat10-10-10-10-10- INTERMEDIATE - Same as Rxd- BEGINNER - Back Squat6-6-6-6-6",170,"170","Load","Back Squat","[{""success"":true,""load"":135},{""success"":true,""load"":145},{""success"":true,""load"":155},{""success"":true,""load"":165},{""success"":true,""load"":170}]","",RX,
05/11/2024,"4 ROUNDS FOR TIME","- RX -4 rounds with a partner for time:30 synchronized walking lunges50 hang power snatches (55/75 lb)100 double-unders- Split the snatches and double-under reps with one partner working at a time.- INTERMEDIATE - 4 rounds with a partner for time:30 synchronized walking lunges50 hang power snatches (45/65 lb)70 double-unders- Split the snatches and double-under reps with one partner working at a time.- BEGINNER - 4 rounds with a partner for time:20 walking lunges30 hang power snatches (35/45 lb)100 single-unders- Partners lunge at the same time; split the snatches and double-under reps with one partner working at a time.",1407,"23:27","","","[{""secs"":27,""mins"":23}]","🩹",RX,
05/13/2024,"OH SQUATS AND LATERAL HOPS","- RX -5 x 2:30 rounds:10 overhead squats (65/95 lb)30 lateral hops over barMax-calories any machine in the remaining time.- Rest 2:30 between rounds.- INTERMEDIATE - 5 x 2:30 rounds:10 overhead squats (55/75 lb)20 lateral hops over barMax-calories any machine in the remaining time.- Rest 2:30 between rounds.- BEGINNER - 5 x 2:30 rounds:10 overhead squats (35/45 lb)10 lateral hops over barMax-calories any machine in the remaining time.- Rest 2:30 between rounds.",99,"99","Calories","","[{""calories"":99}]","Ski",RX,
05/13/2024,"8:00 EMOM","On an 8:00 clock, complete 1 complex every minute:Snatch PullHang Power SnatchOH Squat",45,"45","Load","","[{""success"":true,""load"":45}]","",RX,
05/14/2024,"Bench Press 1x4","Bench Press for load: #1:  4 reps",155,"155","Load","Bench Press","[{""success"":true,""load"":155}]","",RX,PR
05/14/2024,"HEAVY BENCH PRESS","Part 210:00-20:00:Build to a 5-rep-max bench press.",145,"145","Load","Bench Press","[{""success"":true,""load"":145}]","",RX,
05/14/2024,"1-MILE RUN","Part 1From 0:00-10:00:For time:1,600-m run",365,"6:05","","","[{""secs"":5,""mins"":6}]","",RX,PR
05/15/2024,"GHD SKILL WORK","21 GHD hip extensions15 GHD back extensions9 GHD hip and back extensions",1,"1","Emoji Selection","","[{""index"":1}]","",RX,
05/15/2024,"SIT-UPS & DEADLIFTS","- RX -3 rounds for time:50 sit-ups30 deadlifts (95/135 lb)- INTERMEDIATE - 3 rounds for time:30 sit-ups30 deadlifts (65/95 lb)- BEGINNER - 3 rounds for time:15 sit-ups15 deadlifts (55/75 lb)",712,"11:52","","","[{""secs"":52,""mins"":11}]","50# dumbbell",SCALED,
05/20/2024,"QF 24.1","4 rounds for max reps of:1 minute of snatches1 minute of rowing for calories1 minute of dumbbell box step-ups1 minute of rest ♀ 85-lb (38 kg) barbell, 35-lb (15 kg) dumbbells, 20-inch box ♂ 135-lb (61kg) barbell, 50-lb (22.5 kg) dumbbells, 20-inch box",125,"125","Reps","","[{""reps"":125}]","95# barbell35# dumbbells",SCALED,PR
05/22/2024,"Front Pause Squat 4x3","4x3 @ 70%- 2 second pause at the bottom of the squat and fast up",145,"145","Load","Front Pause Squat","[{""success"":true,""load"":145},{""success"":true,""load"":145},{""success"":true,""load"":145},{""success"":true,""load"":145}]","",RX,
05/22/2024,"High Hang Snatch w/no jump","5x3 @ 62%",85,"85","Load","","[{""success"":true,""load"":75},{""success"":true,""load"":85},{""success"":true,""load"":85},{""success"":true,""load"":85},{""success"":true,""load"":85}]","",RX,
05/22/2024,"Snatch + OHS","4x (2+2) @ 65%",95,"95","Load","","[{""success"":true,""load"":95},{""success"":true,""load"":95},{""success"":true,""load"":95},{""success"":true,""load"":95}]","",RX,
05/27/2024,"MURPH","- RX -For time:1-mile run100 pull-ups200 push-ups300 air squats1-mile run- Partition anyhow.- Wear a weight vest if you have one (14/20 lb)- INTERMEDIATE -For time:1-mile run50 pull-ups100 push-ups150 air squats1-mile run- Partition the pull-ups, push-ups, and squats as needed.- Head out for the second run no later than 25:00.- BEGINNER -For time:800-m run Then:10 rounds:5 ring rows10 hand-elevated push-ups15 air squatsThen:800-m run- Head out for the second run no later than 20:00.",3007,"50:07","","","[{""secs"":7,""mins"":50}]","",SCALED,
05/31/2024,"DU, BURPEES, & DL","- RX -7 x 1:00 rounds of:21 double-unders7 burpeesMax-reps deadlifts (225/315 lb)- Rest 2:00 between rounds.- INTERMEDIATE - 7 x 1:00 rounds of:15 double-unders5 burpeesMax-reps deadlifts (185/225 lb)- Rest 2:00 between rounds.- BEGINNER - 7 x 1:00 rounds of:21 single-unders3 burpeesMax-reps deadlifts (95/135 lb)- Rest 2:00 between rounds.",21,"21","Reps","","[{""reps"":21}]","275#",SCALED,
06/07/2024,"CATS, ROWING, & PUSH UPS","- RX -5 rounds::30 row:30 push-upsRest 2:00- Score is total calories and push-up reps.- INTERMEDIATE -Same as Rxd- BEGINNER -5 rounds::30 row:30 hand-elevated push-upsRest 2:00- Score is total calories and push-up reps.",150,"150","Reps","","[{""reps"":150}]","",RX,
06/07/2024,"Skill Work","Pre-workout:10:00-15:00 of guided skin the cat practice",0,"🐱","Other / Text","","[{""other"":""🐱""}]","",RX,
06/10/2024,"LUCKY SUMOS","- RX -7 rounds for time:7 sumo deadlift high pulls (65/95 lb)7 push presses7 box jump-overs (24/30 in)- INTERMEDIATE - 7 rounds for time:7 sumo deadlift high pulls (55/75 lb)7 push presses7 box jump-overs (20/24 in)- BEGINNER - 7 rounds for time:5 sumo deadlift high pulls (35/45 lb)5 push presses5 box step-overs (20 in)",768,"12:48","","","[{""secs"":48,""mins"":12}]","",RX,
06/10/2024,"Skill Work","Pre-workout:On a 10:00 clock:5 push presses- Build to a heavy set of 5 reps.",145,"145","Load","Push Press","[{""success"":true,""load"":145}]","",RX,PR
06/11/2024,"Skill Work","Pre-workout:On a 10:00 clock:Freestanding handstand practice",0,"✅","Other / Text","","[{""other"":""✅""}]","",RX,
06/11/2024,"T2B & WALL WALKS","- RX -AMRAP 10:3-6-9-12... etc.Toes-to-bars1-2-3-4... etc.Wall walks- INTERMEDIATE - AMRAP 10:2-4-6-8-10-12... etc.Toes-to-bars1-1-2-2-3-3.. etc.Wall walks- BEGINNER - AMRAP 10:3-6-9-12... etc.Hanging knee raises1-2-3-4... etc.Inchworm + push-ups",4.015,"4+15","Rounds + Reps","","[{""rnds"":4,""reps"":15}]","",RX,
06/12/2024,"BACK RACK REVERSE LUNGES","Back Rack Reverse Lunges6-6-6-6-6-6-6",125,"125","Load","Back Rack Lunges","[{""success"":true,""load"":85},{""success"":true,""load"":95},{""success"":true,""load"":95},{""success"":true,""load"":105},{""success"":true,""load"":115},{""success"":true,""load"":125},{""success"":false,""load"":135}]","",RX,
06/14/2024,"BURPEE SANDWICH","- RX -For time:20 burpees100 double-unders20 left-arm DB snatches20 right-arm DB snatches400/500-m row50 single-arm overhead DB lunges400/500-m row20 left-arm DB snatches20 right-arm DB snatches100 double-unders20 burpees- Use one dumbbell (35/50 lb).- Switch arms on the lunges as needed.- INTERMEDIATE - For time:20 burpees50 double-unders20 left-arm DB snatches20 right-arm DB snatches400/500-m row50 single-arm overhead DB lunges400/500-m row20 left-arm DB snatches20 right-arm DB snatches50 double-unders20 burpees- Use one dumbbell (25/35 lb).- Switch arms on the lunges as needed.- BEGINNER - For time:15 burpees50 single-unders15 left-arm DB snatches15 right-arm DB snatches300/400-m row30 single-arm overhead DB lunges300/400-m row15 left-arm DB snatches15 right-arm DB snatches50 single-unders15 burpees- Use one dumbbell (15/25 lb).- Switch arms on the lunges as needed",1545,"25:45","","","[{""secs"":45,""mins"":25}]","40#",SCALED,
06/17/2024,"HAVANA","- RX -AMRAP 25 w/ a partner:150 double-unders50 push-ups15 power cleans (125/185 lb)- INTERMEDIATE -AMRAP 25 w/ a partner:100 double-unders30 push-ups15 power cleans (95/135 lb)- BEGINNER -3-5 rounds w/ a partner for time:75 single-unders15 hand-elevated push-ups10 power cleans (35/45 lb)",3.027,"3+27","Rounds + Reps","","[{""rnds"":3,""reps"":27}]","135#Partnered with Chief Keith",SCALED,PR
06/24/2024,"LEGS & LATS","- RX -EMOM 20:Odd min | 5 front squatsEven min | 5 muscle-ups- INTERMEDIATE - EMOM 20:Odd min | 5 front squatsEven min | 3 jumping muscle-ups- BEGINNER - EMOM 20:Odd min | 3 front squatsEven min | 3 low-ring muscle-up transitions",125,"125","Load","","[{""success"":true,""load"":125}]","DNF",SCALED,
06/25/2024,"ALL THE ROWING","- RX -5 sets for time:600/750-m row- Rest 3:00 between rounds.- Score is slowest row.- INTERMEDIATE - 5 sets for time:500/600-m row- Rest 3:00 between rounds.- Score is slowest row.- BEGINNER - 5 sets for time:300/450-m row- Rest 3:00 between rounds.- Score is slowest row.",167,"2:47","","","[{""secs"":47,""mins"":2},{""secs"":54,""mins"":2},{""secs"":58,""mins"":2},{""secs"":6,""mins"":3},{""secs"":4,""mins"":3}]","",RX,PR
06/26/2024,"Skill Work","Pre-workout:On a 8:00 clock:Build to a heavy 1-rep power snatch + overhead squat",50,"50","Load","","[{""success"":true,""load"":50}]","Right arm dumbbell power snatch + front rack squat",SCALED,
06/26/2024,"10 ROUNDS","- RX -10 rounds for time:4 deadlifts (105/155 lb)3 hang power snatches2 overhead squats- INTERMEDIATE - 10 rounds for time:4 deadlifts (75/115 lb)3 hang power snatches2 overhead squats- BEGINNER - 10 rounds for time:4 deadlifts (35/45 lb)3 hang power snatches2 overhead squats",470,"7:50","","","[{""secs"":50,""mins"":7}]","Single arm 50# dumbbell",SCALED,
06/27/2024,"5 ROUNDS FOR TIME","- RX -5 rounds for time:8 handstand push-ups8 alternating front rack lunges (75/115 lb)8 push presses (75/115 lb)400-m run- INTERMEDIATE - 5 rounds for time:8 pike push-ups8 alternating front rack lunges (65/95 lb)8 push presses (65/95 lb)400-m run- BEGINNER - 5 rounds for time:8 DB shoulder presses (20/35 lb)8 alternating front rack lunges (35/45 lb)8 push presses (35/45 lb)300-m run",1184,"19:44","","","[{""secs"":44,""mins"":19}]","Intermediate",SCALED,
06/28/2024,"JUMPING FARMERS","- RX -AMRAP 10:2-4-6-8...Box jump-overs (20/24 in)100-ft DB farmers carry (50/70 lbs)- Use two DBs.- Step down from the box. - INTERMEDIATE - AMRAP 10:2-4-6-8...Box jump-overs (20/24 in)100-ft DB farmers carry (35/50 lbs)- Use two DBs.- Step down from the box. - BEGINNER - AMRAP 10:2-4-6-8...Box step-overs (12/20 in)100-ft DB farmers carry (10/15 lbs)- Use two DBs.- Step down from the box.",9.012,"9+12","Rounds + Reps","","[{""rnds"":9,""reps"":12}]","",RX,
06/28/2024,"Skill Work","Post-workout:EMOM 6:Min. 1 | Max time in a plank holdMin. 2 | Max flutter kicks",0,"💅","Other / Text","","[{""other"":""💅""}]","",RX,
07/01/2024,"Double Unders: 2 Minute Test","Maximum double-unders in 2 minutes.",114,"114","Reps","","[{""reps"":114}]","",RX,
07/01/2024,"Box Jump: Max Height","Box Jump: Max Height",47,"47","Inches","","[{""inches"":47}]","",RX,
07/01/2024,"Broad Jump: Max Distance","Broad Jump: Max Distance",99,"99","Inches","","[{""inches"":99}]","",RX,PR
07/01/2024,"Handstand Hold: Max Time","Handstand Hold: Max Time",70,"1:10","","","[{""secs"":10,""mins"":1}]","",RX,PR
07/01/2024,"Back Squat 6x4","6x4 @ 80% (Same weight as both days last week)",175,"175","Load","Back Squat","[{""success"":true,""load"":135},{""success"":true,""load"":165},{""success"":true,""load"":175},{""success"":true,""load"":175}]","",RX,
07/01/2024,"2 seconds to Dip position + Split Jerk","4x (2+1) @ 85% of Clean and Jerk",165,"165","Load","","[{""success"":true,""load"":165},{""success"":true,""load"":165},{""success"":true,""load"":165},{""success"":true,""load"":165}]","",RX,
07/01/2024,"Clean 3x2","3x2 @ 85% of Clean and Jerk",165,"165","Load","Clean","[{""success"":true,""load"":165},{""success"":true,""load"":165},{""success"":true,""load"":165}]","",RX,PR
07/01/2024,"YOUR CHOICE","- RX -Conditioning challenge:20:00 to establish max meters on a machine of your choice.- INTERMEDIATE -Same as Rx’d- BEGINNER -Same as Rx’d",11280,"11280","Meters","","[{""meters"":11280}]","Bike",RX,
07/02/2024,"DL & STEP UPS","- RX - For time:21-15-9DB deadlifts (35/50 lb)42-30-18Box step-ups (20/24 in)- Use two dumbbells.- INTERMEDIATE -For time:21-15-9DB deadlifts (20/35 lb)42-30-18Box step-ups (20/24 in)- Use two dumbbells.- BEGINNER -For time:21-15-9DB deadlifts (10/15 lb)Box step-ups (12/20 in)- Use two dumbbells.",345,"5:45","","","[{""secs"":45,""mins"":5}]","",RX,
07/03/2024,"DU & SHOTS","- RX - Every 3:00 for 5 rounds:40 double-unders20 wall-ball shots (14/20 lb) (9/10 ft)- Rest the remainder of each interval.- Score is the fastest round.- INTERMEDIATE -Every 3:00 for 5 rounds:20 double-unders20 wall-ball shots (10/14 lb) (9/10 ft)- Rest the remainder of each interval.- Score is the fastest round.- BEGINNER -Every 3:00 for 5 rounds:20 single-unders10 wall-ball shots (6/10 lb) (9/10 ft)- Rest the remainder of each interval.- Score is the fastest round.",66,"1:06","","","[{""secs"":6,""mins"":1}]","14#",SCALED,
07/04/2024,"THE OTHER TOTAL","- RX -10:00-20:001-rep-max bench press- INTERMEDIATE -Same as Rxd- BEGINNER -10:00-20:003-rep-max bench press",165,"165","Load","Bench Press","[{""success"":true,""load"":165}]","",RX,
07/04/2024,"THE OTHER TOTAL","- RX -0:00-10:001-rep-max clean- INTERMEDIATE -Same as Rxd- BEGINNER -0:00-10:003-rep-max clean",165,"165","Load","Clean","[{""success"":true,""load"":165}]","",RX,
07/04/2024,"THE OTHER TOTAL","- RX -20:00-30:001-rep-max overhead squat- INTERMEDIATE -Same as Rxd- BEGINNER -20:00-30:003-rep-max overhead squat",155,"155","Load","Overhead Squat","[{""success"":true,""load"":155}]","",RX,PR
07/06/2024,"CLIMBING BUDDIES","- RX -For time with a partner:21 thrusters (75/115 lb)12 rope climbs (15 ft)15 thrusters9 rope climbs9 thrusters6 rope climbs- Each partner completes the designated number of thrusters, then split rope climbs as needed.- INTERMEDIATE - For time with a partner:21 thrusters (65/95 lb)6 rope climbs (15 ft)15 thrusters4 rope climbs9 thrusters2 rope climbs- Each partner completes the designated number of thrusters, then split rope climbs as needed.- BEGINNER -For time with a partner:21 thrusters (35/45 lb)6 rope climb pull-to-stands15 thrusters4 rope climb pull-to-stands9 thrusters2 rope climb pull-to-stands- Each partner completes the designated number of thrusters, then split rope climbs as needed.",750,"12:30","","","[{""secs"":30,""mins"":12}]","75#Partnered with Chris",SCALED,
07/08/2024,"PUSH & SPLIT THE JERK","- RX -7 sets:3 push jerks + 1 split jerk- INTERMEDIATE -Same as Rxd- BEGINNER -7 sets:3 push jerks",155,"155","Load","","[{""success"":true,""load"":155}]","",RX,
07/09/2024,"AMRAP 10","- RX -AMRAP 10:20 alternating walking lunges2 wall walks20 sit-ups2 wall walks- INTERMEDIATE -AMRAP 10:20 alternating walking lunges1 wall walks20 sit-ups1 wall walks- BEGINNER -AMRAP 10:20 alternating walking lunges4 inchworms + push-up from the knees20 sit-ups4 inchworms + push-up from the knees",4,"4","Rounds + Reps","","[{""rnds"":4}]","Rx+ (GHDs)",SCALED,
07/09/2024,"Skill Work","Pre-workout:Accumulate:50 alternating wall-facing handstand shoulder tapsOr…150-ft handstand walk",0,"💅","Other / Text","","[{""other"":""💅""}]","",RX,
07/10/2024,"ROWING INTERVALS","- RX -For time:800/1,000-m row- Rest 4:00600/750-m row- Rest 3:00400/500-m row- Rest 2:00200/250-m row- INTERMEDIATE -Same as Rxd- BEGINNER -For time:400/500-m row- Rest 4:00300/400-m row- Rest 3:00200/300-m row- Rest 2:00100/200-m row",1106,"18:26","","","[{""secs"":26,""mins"":18}]","",RX,
07/15/2024,"MU & PRESSES","- RX -For time:15-9-6Bar muscle-upsShoulder presses (95/135 lb)- INTERMEDIATE -For time:9-6-3Jumping bar muscle-ups15-9-6Shoulder presses (65/95 lb)- BEGINNER -For time:9-6-3Low-bar muscle-up transitions15-9-6Push presses (35/45 lb)",791,"13:11","","","[{""secs"":11,""mins"":13}]","95#",SCALED,
07/16/2024,"KELLY BROWN","- RX -5 rounds for time:440-m row10 box jumps (24/30 in)10 deadlifts (185/275 lb)10 wall-ball shots (14/20 lb)- 25:00 time cap.- INTERMEDIATE -5 rounds for time:440-m row10 box jumps (20/24 in)10 deadlifts (95/135 lb)10 wall-ball shots (10/14 lb)- 25:00 time cap.- BEGINNER -3 rounds for time:440-m row10 box step-ups (12/20 in)10 deadlifts (55/75 lb)10 wall-ball shots (6/10 lb)- 25:00 time cap.",1500,"25:00","","","[{""secs"":0,""mins"":25}]","4+451",SCALED,
07/17/2024,"Skill Work","Post-workoutAccumulate:25 strict pull-ups- Advanced athletes add load.",0,"💅","Other / Text","","[{""other"":""💅""}]","",RX,
07/17/2024,"RUN OVERS","- RX -7 rounds for time:200-m run10 DB box step-overs (20/35 lb) (20/24 in)- Use two dumbbells. - INTERMEDIATE -7 rounds for time:200-m run10 DB box step-overs (15/20 lb) (20/24 in)- Use two dumbbells. - BEGINNER -5 rounds for time:200-m run10 alternating walking lunges",791,"13:11","","","[{""secs"":11,""mins"":13}]","",RX,
07/18/2024,"HSPU & HSC","- RX -For time:21-15-9Handstand push-upsHang squat cleans (75/115 lb)- INTERMEDIATE -For time:21-15-9Pike push-upsHang squat cleans (65/95 lb)- BEGINNER -For time:15-12-9Double-DB shoulder presses (10/15 lb)Hang squat cleans (35/45 lb)",747,"12:27","","","[{""secs"":27,""mins"":12}]","Pike push ups95#",SCALED,
07/18/2024,"Skill Work","Pre-workoutEMOM 6:2 hang squat cleans- Build to a heavy set of 2.",145,"145","Load","Hang Squat Clean","[{""success"":true,""load"":145}]","",RX,
07/22/2024,"MACHINES & SNATCHES","- RX -AMRAP 12:Max calories on any machine- Every 2:00, including 0:00, complete 16 alternating dumbbell snatches (35/50 lb).- INTERMEDIATE -AMRAP 12:Max calories on any machine- Every 2:00, including 0:00, complete 16 alternating dumbbell snatches (20/35 lb).- BEGINNER -AMRAP 12:Max calories on any machine- Every 2:00, including 0:00, complete 10 alternating hang dumbbell snatches (10/15 lb).",65,"65","Calories","","[{""calories"":65}]","Row",RX,
07/22/2024,"Skill Work","Post-workoutAccumulate:50 DB good mornings- Use the same single dumbbell from the workout.- Hold the dumbbell at the chest.",0,"0:00","","","[{}]","",RX,
07/23/2024,"FUN WITH PARTNERS","- RX -For time with a partner:160 double-unders160 AbMat sit-ups160 double-unders160 DB push presses (35/50 lb)160 double-unders400-m DB farmers carry- Split the work as desired. - Use two dumbbells.- INTERMEDIATE -For time with a partner:100 double-unders100 AbMat sit-ups100 double-unders100 DB push presses (20/35 lb)100 double-unders400-m DB farmers carry- Split the work as desired. - Use two dumbbells.- BEGINNER -For time with a partner:100 single-unders80 AbMat sit-ups100 single-unders80 DB push presses (10/15 lb)100 single-unders200-m DB farmers carry- Split the work as desired. - Use two dumbbells.",1255,"20:55","","","[{""secs"":55,""mins"":20}]","35#Partnered with Taylor",SCALED,
07/24/2024,"Skill Work","Post-workout:8 sets::20 hollow hold:10 rest",0,"0","Reps","","[{""reps"":0}]","",RX,
07/24/2024,"JUMP & RUN","- RX -For time:15 box jumps (30 in)400-m run20 box jumps (24 in)400-m run25 box jumps (20 in)400-m run- INTERMEDIATE -For time:15 box jumps (24 in)400-m run20 box jumps (24 in)400-m run25 box jumps (20 in)400-m run- BEGINNER -For time:10 box step-ups (20 in)200-m run12 box step-ups (20 in)200-m run15 box step-ups (20 in)200-m run",435,"7:15","","","[{""secs"":15,""mins"":7}]","",RX,
07/25/2024,"PUSH & SWING","- RX -For time:27-21-15Knees-to-elbowsHand-release push-upsRussian KB swings (53/70 lb)- INTERMEDIATE -For time:21-15-9Knees-to-armpitsHand-release push-upsRussian KB swings (53/70 lb)- BEGINNER -For time:15-12-9Hanging knee raisesPush-ups from the kneesRussian KB swings (18/26 lb)",611,"10:11","","","[{""secs"":11,""mins"":10}]","53#",SCALED,
07/25/2024,"Skill Work","Post-workout1 set:200-ft single-arm overhead kettlebell walk- Use your workout weight.- Switch arms as needed.",53,"53","Load","","[{""success"":true,""load"":53}]","",RX,
07/26/2024,"DL & BALLS","- RX -Every 2:00 for 8 rounds:5 deadlifts10 wall-ball shots (14/20 lb) (10/11 ft)- Athletes choice for deadlift load (suggested 185/275 lb).- INTERMEDIATE -Every 2:00 for 8 rounds:5 deadlifts10 wall-ball shots (10/14 lb) (10/11 ft)- Athletes choice for deadlift load (suggested 125/185 lb).- BEGINNER -Every 2:00 for 8 rounds:5 deadlifts5 wall-ball shots (6/10 lb) (9/10 ft)- Athletes choice for deadlift load (suggested 65/95 lb).",245,"245","Load","","[{""success"":true,""load"":245}]","",RX,
07/27/2024,"2.8 Mile Ruck","Bring your own backpack with desired load and water.  Meet at Ancil Hoffman Park (6700 Tarshes Dr, Carmichael)Walk with us!",0,"✨","Other / Text","","[{""other"":""✨""}]","30#2.2 miles",RX,
07/29/2024,"Accessory:","High Knees with Barbell OH100 reps Both Knees= 1 rep",0,"0:00","","","[{}]","",RX,
07/29/2024,"Pull Up + Snatch","5x (2+1) @ 80%",115,"115","Load","","[{""success"":false,""load"":115},{""success"":true,""load"":115},{""success"":true,""load"":115},{""success"":true,""load"":115},{""success"":true,""load"":115}]","",RX,
07/29/2024,"RUN & JUMP","- RX -4 rounds for time:800-m run75 double-unders- INTERMEDIATE -4 rounds for time:800-m run25 double-unders- BEGINNER -3 rounds for time:600-m run25 single-unders",1275,"21:15","","","[{""secs"":15,""mins"":21}]","",RX,
07/29/2024,"Clean Grip Deadlift","4x4 @ 85% of Clean",170,"170","Load","","[{""success"":true,""load"":170},{""success"":true,""load"":170},{""success"":true,""load"":170},{""success"":true,""load"":170}]","",RX,
07/29/2024,"Clean + Push Press + Split Jerk","4x (2+1+1) @ 70% of Clean and Jerk",125,"125","Load","","[{""success"":true,""load"":125},{""success"":true,""load"":125},{""success"":true,""load"":125},{""success"":true,""load"":125}]","",RX,
07/30/2024,"PULL UPS & WALL BALLS","- RX -On a 7:00 clock for reps:10 weighted pull-ups (14/20 lb)20 chest-to-bar pull-ups30 kipping pull-upsMax-reps wall-ball shots (14/20 lb) (9/10 ft)- INTERMEDIATE -On a 7:00 clock for reps:10 weighted pull-ups (6/10 lb)15 chest-to-bar pull-ups20 kipping pull-upsMax-reps wall-ball shots (14/20 lb) (9/10 ft)- BEGINNER -On a 7:00 clock for reps:10 banded strict pull-ups15 jumping chest-to-bar pull-ups20 jumping pull-upsMax-reps wall-ball shots (6/10 lb) (9/10 ft)",18,"18","Reps","","[{""reps"":18}]","",RX,
07/30/2024,"Skill Work","Pre-workout:Every :30 for 10 sets:1 rep of squat therapy- Hold the bottom for :05.",0,"🫘","Other / Text","","[{""other"":""🫘""}]","",RX,
07/31/2024,"HEAVY COMPLEX","- RX -5 sets for load:3 cleans2 front squats1 jerk- INTERMEDIATE -Same as Rxd- BEGINNER -Same as Rxd",165,"165","Load","","[{""success"":true,""load"":165}]","",RX,
08/01/2024,"SPEED BIKE","- RX -7 rounds for time:20/25-calorie bike- Rest 1:00 between rounds. - INTERMEDIATE -Same as Rxd- BEGINNER -7 rounds for time:10/15-calorie bike- Rest 1:00 between rounds.",806,"13:26","","","[{""secs"":26,""mins"":13}]","15 calories per round",SCALED,
08/01/2024,"Skill Work","Post-workout:2 sets:1:00 GHD hip extensions- Rest 3:00 between sets.",0,"💅","Other / Text","","[{""other"":""💅""}]","",RX,
08/02/2024,"Skill Work","Pre-workout:On a 10:00 clock:Single-leg squat skill practice",0,"💅","Other / Text","","[{""other"":""💅""}]","",RX,
08/02/2024,"3 ROUNDS","- RX -3 rounds for time:15 double-DB hang power cleans (35/50 lb)20 walking lunges- INTERMEDIATE -3 rounds for time:15 double-DB hang power cleans (25/35 lb)20 walking lunges- BEGINNER -3 rounds for time:10 double-DB hang power cleans (15/25 lb)12 walking lunges",249,"4:09","","","[{""secs"":9,""mins"":4}]","",RX,
08/03/2024,"AMRAP 12:00","- RX -AMRAP 12:20 air Squats 15 deadlifts (95/135 lb)10 push presses- INTERMEDIATE -AMRAP 12:20 air squats15 deadlifts (75/115 lb)10 push presses- BEGINNER -AMRAP 12:10 air squats10 deadlifts (35/45 lb)10 push presses",5.01,"5+10","Rounds + Reps","","[{""rnds"":5,""reps"":10}]","95#",SCALED,
08/05/2024,"Clean + Push Press + Split Jerk","4x (2+1+1) @ 72% of Clean and Jerk",125,"125","Load","","[{""success"":true,""load"":125},{""success"":true,""load"":125},{""success"":true,""load"":125},{""success"":true,""load"":125}]","",RX,
08/05/2024,"Accessory:","High Knees with Barbell OH100 reps Both Knees= 1 rep",0,"0:00","","","[{}]","",RX,
08/05/2024,"Skill Work","Pre-workoutEvery 2:00 for 4 sets:3 touch-and-go power snatches- Build to a heavy set of 3.",115,"115","Load","","[{""success"":true,""load"":115}]","",RX,
08/05/2024,"Pull Up + Snatch","5x (2+1) @ 82%",115,"115","Load","","[{""success"":true,""load"":115},{""success"":true,""load"":115},{""success"":true,""load"":115},{""success"":true,""load"":115},{""success"":true,""load"":115}]","",RX,
08/05/2024,"POWER AMANDA","- RX -9-7-5 reps for time of:Ring muscle-upsPower snatches (95/135 lb)- INTERMEDIATE -9-7-5 reps for time of:Low ring muscle-up transitionsPower snatches (65/95 lb)- BEGINNER -9-7-5 reps for time of:Ring rowsPush-ups from the kneesPower snatches (35/45 lb)",779,"12:59","","","[{""secs"":59,""mins"":12}]","95#",SCALED,
08/06/2024,"Bench Press 1x5","Bench Press for load: #1:  5 reps",150,"150","Load","Bench Press","[{""success"":true,""load"":150}]","",RX,
08/06/2024,"BENCH PRESS & HANDSTANDS","- RX -On an 18:00 clock:12:00 to establish a heavy 5-rep bench pressRest 3:003:00 max-distance handstand walk- INTERMEDIATE -On an 18:00 clock:12:00 to establish a heavy 5-rep bench pressRest 3:003:00 max-rep handstand shoulder taps- BEGINNER -On an 18:00 clock:12:00 to establish a heavy 5-rep bench pressRest 3:003:00 max-rep pike shoulder taps",0,"🐦‍⬛","Other / Text","","[{""other"":""🐦‍⬛""}]","150#3’",RX,
08/06/2024,"Skill Work","Pre-workoutHandstand and handstand walk practice",0,"🐦‍⬛","Other / Text","","[{""other"":""🐦‍⬛""}]","",RX,
08/07/2024,"MORRISON","- RX -50-40-30-20-10 reps for time:Wall-ball shots (14/20 lb) (9/10 ft)Box jumps (20/24 in)KB swings (35/53 lb)- Step down from the box.- Hard time cap of 30:00- INTERMEDIATE -50-40-30-20-10 reps for time with a partner:Wall-ball shots (10/14 lb) (9/10 ft)Box jumps (20/24 in)KB swings (35/53 lb)- Step down from the box.- Hard time cap of 30:00- BEGINNER -40-30-20-10 reps for time with a partner:Wall-ball shots (6/10 lb) (9/10 ft)Box step-ups (12/20 in)KB swings (18/26 lb)- Step down from the box.- Hard time cap of 30:00",1800,"30:00","","","[{""mins"":30}]","Finished round of 30",RX,PR
08/08/2024,"Box Jump: Max Height","Box Jump: Max Height",46,"46","Inches","","[{""inches"":46}]","Legs felt fatigued",RX,
08/08/2024,"Handstand Walk: Max Distance","Handstand Walk: Max Distance",1,"1","Meters","","[{""meters"":1}]","",RX,PR
08/08/2024,"Handstand Hold: Max Time","Handstand Hold: Max Time",53,"0:53","","","[{""secs"":53}]","Pulled off the wall accidentally",RX,
08/08/2024,"YOUR CHOICE","- RX -Conditioning challenge:20:00 to establish max meters on a machine of your choice.- INTERMEDIATE -Same as Rx’d- BEGINNER -Same as Rx’d",11008,"11008","Meters","","[{""meters"":11008}]","Bike",RX,
08/08/2024,"Double Unders: 2 Minute Test","Maximum double-unders in 2 minutes.",130,"130","Reps","","[{""reps"":130}]","",RX,
08/08/2024,"Broad Jump: Max Distance","Broad Jump: Max Distance",98,"98","Inches","","[{""inches"":98}]","Legs felt fatigued",RX,
08/12/2024,"6 ROUNDS","- RX -6 rounds for time of:10 DB burpee deadlifts (35/50 lb)10 box jumps (24/30 in)- INTERMEDIATE -6 rounds for time of:10 DB burpee deadlifts (20/35 lb)10 box jumps (20/24 in)- BEGINNER -6 rounds for time of:10 DB burpee deadlifts (10/15 lb)10 box step-ups (12/20 in)",660,"11:00","","","[{""mins"":11}]","",RX,
08/13/2024,"HEAVY BACK SQUATS","- RX -For load:5-5-5-5-5 Back squat- INTERMEDIATE -Same as Rx’d- BEGINNER -Same as Rx’d",195,"195","Load","Back Squat","[{""success"":true,""load"":155},{""success"":true,""load"":165},{""success"":true,""load"":175},{""success"":true,""load"":185},{""success"":true,""load"":195}]","",RX,PR
08/14/2024,"MARY","- RX -AMRAP 20:5 handstand push-ups10 alternating single-leg squats15 pull-ups- INTERMEDIATE -AMRAP 20:5 pike push-ups10 alternating single-leg squats to a target10 pull-ups- BEGINNER -AMRAP 20:5 push-ups from the knees10 reverse lunges10 jumping pull-upsRest :30",7.011,"7+11","Rounds + Reps","","[{""rnds"":7,""reps"":11}]","Ankle wrap pistol squats",SCALED,PR
08/15/2024,"HANG CLEANS & BURPEES","- RX -3 rounds for time:30 hang power cleans (75/115 lb)30 bar-facing burpees - INTERMEDIATE -3 rounds for time:30 hang power cleans (55/75 lb)30 bar-facing burpees - BEGINNER -3 rounds for time:20 hang power cleans (35/45 lb)20 bar-facing burpees",1037,"17:17","","","[{""secs"":17,""mins"":17}]","",RX,
08/15/2024,"SKILL WORK","Pre-workoutEMOM 6:3 hang power cleans- Build to a heavy 3-rep for the day.",175,"175","Load","Hang Power Clean","[{""success"":true,""load"":0},{""success"":true},{""success"":true},{""success"":true},{""success"":true,""load"":0},{""success"":true,""load"":175}]","",RX,
08/19/2024,"ISABEL","- RX -For time:30 power snatches (95/135 lb)- INTERMEDIATE -For time:30 power snatches (65/95 lb)- BEGINNER -For time:30 power snatches (35/45 lb)",474,"7:54","","","[{""secs"":54,""mins"":7}]","115#",SCALED,PR
08/19/2024,"Skill Work","Post-workoutOn an 8:00 clock:Build to a heavy 1-rep snatch- Power or squat.",125,"125","Load","","[{""success"":true,""load"":125}]","",RX,
08/20/2024,"SIT UP, CARRY, & RUN","- RX -For time:10-20-30-40-50AbMat sit-ups100-200-300-400-500Run (meters)- Perform a 100-m DB farmers carry (35/50 lb) after each set of sit-ups.- INTERMEDIATE -For time:10-20-30-40-50AbMat sit-ups100-200-300-400-500Run (meters)- Perform a 100-m DB farmers carry (20/35 lb) after each set of sit-ups.- BEGINNER -For time:5-10-15-20AbMat sit-ups100-200-300-400Run (meters)- Perform a 50-m DB farmers carry (10/15 lb) after each set of sit-ups.",1235,"20:35","","","[{""secs"":35,""mins"":20}]","",RX,
08/21/2024,"THRUST & ROW","- RX -AMRAP 12:10-calorie row3 thrusters (125/185 lb)12-calorie row3 thrusters14-calorie row3 thrusters- Add 2 calories each round until time expires.- INTERMEDIATE -AMRAP 12:8-calorie row3 thrusters (95/135 lb)10-calorie row3 thrusters12-calorie row3 thrusters- Add 2 calories each round until time expires.- BEGINNER -AMRAP 12:6-calorie row3 thrusters (45/65 lb)8-calorie row3-thrusters10-calorie row3 thrusters- Add 2 calories each round until time expires.",6.022,"6+22","Rounds + Reps","","[{""rnds"":6,""reps"":22}]","125#",SCALED,
08/21/2024,"Skill Work","Pre-workout:EMOM 6:1 squat clean thruster- Build to a heavy single.",165,"165","Load","","[{""success"":true,""load"":165}]","",RX,
08/23/2024,"DEAD BALLS","- RX -4 rounds for time:10 deadlifts (155/225 lb)30 wall-ball shots (14/20 lb) (9/10 ft)- INTERMEDIATE -4 rounds for time:10 deadlifts (105/155 lb)30 wall-ball shots (10/14 lb) (9/10 ft)- BEGINNER -4 rounds for time:8 deadlifts (55/75 lb)15 wall-ball shots (6/10 lb) (9/10 ft)",709,"11:49","","","[{""secs"":49,""mins"":11}]","185#18#",SCALED,
08/23/2024,"Skill Work","Post-workout:8 sets for reps::20 V-ups:10 rest",0,"🐆","Other / Text","","[{""other"":""🐆""}]","",RX,
08/24/2024,"PARTNER SMALL","- RX -3 rounds for time:800/1,000-m row50 burpees50 box jumps (20/24 in)800-m run- Partners break up the row, burpees, box jumps, and runs as needed; one partner moves at a time.- 40:00 time cap.- INTERMEDIATE -3 rounds for time:600/800-m row40 burpees40 box jumps (20/24 in)800-m run- Partners break up the row, burpees, box jumps, and runs as needed; one partner moves at a time.- 40:00 time cap.- BEGINNER -3 rounds for time:400/500-m row30 burpees30 box step-ups (12/20 in)400-m run- Partners break up the row, burpees, box jumps, and runs as needed; one partner moves at a time.- 40:00 time cap.",2300,"38:20","","","[{""secs"":20,""mins"":38}]","Partnered with the birdie 🐤",RX,
08/26/2024,"THE CHIEF","- RX -5 rounds of AMRAP 3:3 power cleans (95/135 lb)6 push-ups9 air squats- Rest 1:00 between rounds.- INTERMEDIATE -5 rounds of AMRAP 3:3 power cleans (75/115 lb)6 push-ups9 air squats- Rest 1:00 between rounds.- BEGINNER -5 rounds of AMRAP 3:3 power cleans (55/75 lb)6 elevated push-ups9 air squats- Rest 1:00 between rounds.",17.018,"17+18","Rounds + Reps","","[{""rnds"":4,""reps"":9},{""rnds"":4},{""rnds"":3,""reps"":9},{""rnds"":3},{""rnds"":3}]","",RX,PR
08/28/2024,"OH SQUATS!","- RX -3 rounds for time:20 chest-to-bar pull-ups10 overhead squats (125/185 lb)- INTERMEDIATE -3 rounds for time:15 chest-to-bar pull-ups10 overhead squats (95/135 lb)- BEGINNER -3 rounds for time:15 jumping chest-to-bar pull-ups10 overhead squats (45/65 lb)",504,"8:24","","","[{""secs"":24,""mins"":8}]","95#",SCALED,
08/28/2024,"OH SQUAT","On a 8:00 clock:Build to a heavy 1-rep overhead squat from the floor.",155,"155","Load","Overhead Squat","[{""success"":true,""load"":155}]","",RX,
08/29/2024,"2RM PUSH PRESS","- RX - Push press2-2-2-2-2- INTERMEDIATE -Same as Rx’d- BEGINNER -Same as Rx’d",160,"160","Load","Push Press","[{""success"":true,""load"":0},{""success"":true},{""success"":true},{""success"":true},{""success"":true,""load"":160}]","",RX,
08/29/2024,"3RM SHOULDER PRESS","- RX - Shoulder press3-3-3-3-3- INTERMEDIATE -Same as Rx’d- BEGINNER -Same as Rx’d",115,"115","Load","Shoulder Press","[{""success"":true,""load"":0},{""success"":true},{""success"":true},{""success"":true,""load"":115},{""success"":false,""load"":125}]","",RX,
08/29/2024,"1RM PUSH JERK","- RX - Push jerk1-1-1-1-1- INTERMEDIATE -Same as Rx’d- BEGINNER -Same as Rx’d",180,"180","Load","Push Jerk","[{""success"":true},{""success"":true},{""success"":true},{""success"":true},{""success"":true,""load"":180}]","",RX,PR
08/30/2024,"HANG ON!","- RX -AMRAP 10: 5 power cleans (135/205 lb)10 toes-to-bars- INTERMEDIATE -AMRAP 10: 5 power cleans (105/155 lb)10 toes-to-bars- BEGINNER -AMRAP 10: 5 power cleans (65/95 lb)10 hanging knee raises",4.003,"4+3","Rounds + Reps","","[{""rnds"":4,""reps"":3}]","165#",SCALED,
08/30/2024,"EMOM HANG POWER CLEAN","EMOM 10:1 hang power clean",195,"195","Load","Hang Power Clean","[{""success"":true,""load"":0},{""success"":true},{""success"":true},{""success"":true},{""success"":true},{""success"":true},{""success"":true},{""success"":true},{""success"":true},{""success"":true,""load"":195}]","",RX,PR
08/31/2024,"5 ROUNDS WITH A PARTNER","- RX -5 rounds with a partner:60 double-unders, each at the same time50 burpees, total at the same time400-m run, together30 alternating single-leg squats, split reps as needed with partner- INTERMEDIATE -5 rounds with a partner:60 double-unders, each at the same time50 burpees, total at the same time400-m run20 alternating single-leg squats, split reps as needed with partner- BEGINNER -5 rounds with a partner:60 single-unders, each at the same time40 burpees, total at the same time300-m run20 walking lunges, split reps as needed with partner",1860,"31:00","","","[{""mins"":31}]","Partnered with Keith",SCALED,
09/02/2024,"LAZAR DUKIC MEMORIAL WORKOUT","For Time w/a partner3 Rounds of:30 calorie Row10 Bar Muscle-UpsRest 3 minutesThen, 3 Rounds of:30 calorie Row15 Strict Handstand Push-UpsRest 3 minutesFinally, 3 rounds of:10 Bar Muscle-Ups15 Strict Handstand Push-UpsTime Cap: 45 minutes",2909,"48:29","","","[{""secs"":29,""mins"":48}]","Partnered with the birdie 🐤",RX,
09/03/2024,"4 ROUNDS","- RX -4 rounds for reps:1:00 plank hold1:00 single-DB box step-ups (20/24 in) (35/50 lb)1:00 deadlifts (155/225 lb)- No rest between rounds.- INTERMEDIATE -4 rounds for reps:1:00 plank hold1:00 single-DB box step-ups (20/24 in) (20/35 lb)1:00 deadlifts (105/155 lb)- No rest between rounds.- BEGINNER -4 rounds for reps:1:00 plank hold1:00 unweighted box step-ups (12/20 in)1:00 deadlifts (65/95 lb)- No rest between rounds.",208,"208","Reps","","[{""reps"":208}]","",RX,
09/05/2024,"ROW & PUSH","- RX -For time:500-m row20 pike push-ups (20/24 in)500-m row35 hand-release push-ups500-m row50 push-ups500-m row- INTERMEDIATE -For time:500-m row20 pike push-ups (floor)500-m row25 hand-release push-ups500-m row30 push-ups500-m row- BEGINNER -For time:400-m row15 DB shoulder presses (15/20 lb)400-m row20 hand-release push-ups from the knees400-m row25 push-ups from the knees400-m row",1016,"16:56","","","[{""secs"":56,""mins"":16}]","",RX,
09/06/2024,"3 RM HANG POWER SNATCH","On a 10:00 clock:3 hang power snatches- Build to a heavy set of 3 reps.",95,"95","Load","Hang Power Snatch","[{""success"":true,""load"":95}]","",RX,
09/06/2024,"SNATCH, CLIMB, & RUN","- RX -3 rounds for time:10 hang power snatches (65/95 lb)2 rope climbs200-m run- INTERMEDIATE -3 rounds for time:10 hang power snatches (55/75 lb)2 partial rope climbs200-m run- BEGINNER -3 rounds for time:10 hang power snatches (35/45 lb)4 pull-to-stands100-m run",467,"7:47","","","[{""secs"":47,""mins"":7}]","50# dumbbell",SCALED,
09/09/2024,"THROW & SIT UP","- RX -2 rounds for time:50 wall-ball shots (14/20 lb) (9/10 ft)50 sit-ups- INTERMEDIATE -2 rounds for time:50 wall-ball shots (10/14 lb) (9/10 ft)35 sit-ups- BEGINNER -2 rounds for time:25 wall-ball shots (6/10 lb) (9/10 ft)25 sit-ups",633,"10:33","","","[{""secs"":33,""mins"":10}]","16#",SCALED,
09/11/2024,"NATE","- RX -AMRAP 20:2 muscle-ups4 handstand push-ups8 KB swings (53/70 lb)- INTERMEDIATE - AMRAP 20:2 burpee jumping pull up4 pike handstand push-ups from a box8 KB swings (35/53 lb)- BEGINNER -AMRAP 8:150-m row2 burpee jumping pull up4 hand-elevated push-ups8 KB swings (18/26 lb)Rest 4:00AMRAP 8:150-m row2 burpee jumping pull up4 hand-elevated push-ups8 KB swings (18/26 lb)",8,"8","Rounds + Reps","","[{""rnds"":8}]","",RX,
09/12/2024,"RUN & MACHINE","- RX -On a 10:00 clock:1,600-m runMax calories on any machine in the remaining time- INTERMEDIATE -On a 10:00 clock:1,200-m runMax calories on any machine in the remaining time- BEGINNER -On a 10:00 clock:800-m runMax calories on any machine in the remaining time",39,"39","Calories","","[{""calories"":39}]","Bike6:47 mile",RX,
09/13/2024,"HANG POWER CLEAN, THRUSTERS, & BURPEES","- RX -3 rounds for time:9 hang power cleans (75/115 lb)12 thrusters15 burpees over the bar- INTERMEDIATE -3 rounds for time:9 hang power cleans (55/75 lb)12 thrusters15 burpees over the bar- BEGINNER -3 rounds for time:6 hang power cleans (35/45 lb)9 thrusters12 burpees over the bar",626,"10:26","","","[{""secs"":26,""mins"":10}]","95#",SCALED,
09/13/2024,"Skill Work","EMOM 8:1 clean pull1 hang power clean1 thruster- Build in load, but only as quality mechanics allow.",145,"145","Load","","[{""success"":true,""load"":145}]","",RX,
09/16/2024,"ROW & DEADLIFT","- RX -AMRAP 10:15-calorie row10 deadlifts (125/185 lb)- INTERMEDIATE -AMRAP 10:15-calorie row10 deadlifts (95/135 lb)- BEGINNER -AMRAP 10:10-calorie row10 deadlifts (55/75 lb)",5.015,"5+15","Rounds + Reps","","[{""rnds"":5,""reps"":15}]","",RX,
09/16/2024,"4RM BACK RACK REVERSE LUNGES","10:00 to build to heavy 4RM back rack reverse lunge",145,"145","Load","Back Rack Lunges","[{""success"":true,""load"":145}]","",RX,
09/17/2024,"BENCH PRESSES","- RX -For load:10-10-10-10-10Bench press- INTERMEDIATE -Same as Rxd- BEGINNER -With a light load:10-10-10-10-10Bench press",135,"135","Load","Bench Press","[{""success"":true,""load"":0},{""success"":true},{""success"":true},{""success"":true,""load"":0},{""success"":true,""load"":135}]","",RX,
09/18/2024,"RUSSIAN SWINGS & RUNS","- RX -5 rounds for time:20 Russian KB swings (53/70 lb)400-m run- INTERMEDIATE -5 rounds for time:20 Russian KB swings (35/53 lb)400-m run- BEGINNER -5 rounds for time:10 Russian KB swings (18/26 lb)200-m run",813,"13:33","","","[{""secs"":33,""mins"":13}]","",RX,
09/19/2024,"DU & HANDSTAND WALKS","- RX -Every 3:00 for 5 rounds:50 double-undersHandstand walk (25 ft)- Rest remainder of each round.- Score is slowest round.- INTERMEDIATE -Every 3:00 for 5 rounds:25 double-unders20 handstand shoulder taps- Rest remainder of each round.- Score is slowest round.- BEGINNER -Every 3:00 for 5 rounds:20 single-unders10 pike shoulder taps- Rest remainder of each round.- Score is slowest round.",180,"3:00","","","[{""mins"":3}]","",RX,
09/20/2024,"CLEANS & SIDE BURPEES","- RX -18-15-12-9-6-3 reps for time:Squat cleans (95/135 lb)Lateral burpees over the bar- INTERMEDIATE -18-15-12-9-6-3 reps for time:Squat cleans (65/95 lb)Lateral burpees over the bar- BEGINNER -12-10-8-6-4-2 reps for time:Hang squat cleans (35/45 lb)Lateral up-down bar step-overs",999,"16:39","","","[{""secs"":39,""mins"":16}]","75#",SCALED,
09/23/2024,"Skill Work","4 sets::20 med-ball Russian twist:10 rest:20 flutter kicks:10 rest",100,"100","Reps","","[{""reps"":100}]","",RX,
09/23/2024,"SHOTS & DUBS","- RX -As many rounds and reps as possible in 7 minutes of:5 wall-ball shots (14/20 lb) (9/10 ft)15 double-unders- After each completed round, add 5 wall-ball shots and 15 double-unders.- INTERMEDIATE -As many rounds and reps as possible in 7 minutes of:5 wall-ball shots (10/14 lb) (9/10 ft):15 double-under attempts- After each completed round, add 5 wall-ball shots and :15 of double-under attempts.- BEGINNER -As many rounds and reps as possible in 7 minutes of:5 wall-ball shots (10/14 lb) (8/9 ft)15 single-unders- After each completed round, add 5 wall-ball shots and 15 single-unders.",4.054,"4+54","Rounds + Reps","","[{""rnds"":4,""reps"":54}]","",RX,
09/24/2024,"ALL THE PULL-UPS","- RX -Every 3:00 for 5 sets:200-m run7 pull-ups5 chest-to-bar pull-ups3 bar muscle-ups- INTERMEDIATE -Every 3:00 for 5 sets:200-m run5 pull-ups3 chest-to-bar pull-ups1 bar muscle-up- BEGINNER -Every 3:00 for 5 sets:200-m run7 australian pull ups5 jumping pull-ups3 burpee pull up",150,"2:30","","","[{""secs"":30,""mins"":2}]","",RX,
09/25/2024,"WALL WALKING FARMER","- RX -10 rounds for time:100-m double-KB farmers carry (35/53 lb)3 wall walks - INTERMEDIATE -10 rounds for time:100-m double-KB farmers carry (26/35 lb)2 wall walks - BEGINNER -10 rounds for time:50-m double-KB farmers carry (18/26 lb)3 inchworm + push-ups",1301,"21:41","","","[{""secs"":41,""mins"":21}]","",RX,
09/27/2024,"STATIONS","- RX -2:00 at each station for 5 rounds:A) :30 max-reps toes-to-barsB) :30 max-reps overhead squats (95/135 lb)C) :30 max-cal row - INTERMEDIATE -2:00 at each station for 5 rounds:A) :30 max-reps toes-to-barsB) :30 max-reps overhead squats (75/115 lb)C) :30 max-cal row - BEGINNER -2:00 at each station for 5 rounds:A) :30 max-reps hanging leg raisesB) :30 max-reps overhead squats (35/45 lb)C) :30 max-cal row",181,"181","Reps","","[{""reps"":181}]","95#",SCALED,
09/28/2024,"20 MIN PARTNERS","- RX -AMRAP 20 with a partner:30 front-rack reverse lunges (65/95 lb)20 push presses10 bar muscle-ups- Share work as desired. - INTERMEDIATE -AMRAP 20 with a partner:30 front-rack reverse lunges (45/65 lb)20 push presses10 jumping bar muscle-ups- Share work as desired. - BEGINNER -AMRAP 20 with a partner:30 unweighted reverse lunges20 push presses (35/45 lb)10 jumping pull-ups- Share work as desired.",5.02,"5+20","Rounds + Reps","","[{""rnds"":5,""reps"":20}]","75#Partnered with Dash 💨",SCALED,
10/01/2024,"Sober October","“I chose sober because I wanted a better life. I stay sober because I got one.” ~ AnonymousBe sober and move today!To join our sober community download the FREE Phoenix app... https://thephoenix.org/app",1,"Yes","Checkbox","","[{""boolean"":1}]","",RX,
10/01/2024,"GYMNASTY WITH BIKE","- RX -4 rounds for time:10 single-leg squats20 pull-ups30 push-ups0.6mi bike- INTERMEDIATE -4 rounds for time:10 ankle-wrapped single-leg squats15 pull-ups20 push-ups0.6mi bike- BEGINNER -4 rounds for time:10 reverse lunges10 australian pull ups10 push-ups, from the knees as needed0.6mi bike",1417,"23:37","","","[{""secs"":37,""mins"":23}]","Ankle wrap single leg squats",SCALED,
10/03/2024,"AMRAP 15","- RX -AMRAP 15:200-m run10 handstand push-ups15 wall-ball shots (14/20 lb) (9/10 ft)- INTERMEDIATE -AMRAP 15:200-m run5 pike handstand push-ups10 wall-ball shots (14/20 lb) (9/10 ft)- BEGINNER -AMRAP 15:200-m run6 dumbbell push presses (15/20 lb)9 wall-ball shots (10/14 lb) (8/9 ft)",3.01,"3+10","Rounds + Reps","","[{""rnds"":3,""reps"":10}]","",RX,
10/07/2024,"LOREDO","- RX -6 rounds for time:24 air squats24 push-ups24 walking lunge steps400-m run- INTERMEDIATE -6 rounds for time:18 squats18 push-ups18 walking lunge steps400-m run- BEGINNER -4 rounds for time:14 squats14 push-ups from the knees14 walking lunge steps400-m run",1593,"26:33","","","[{""secs"":33,""mins"":26}]","",RX,PR
10/10/2024,"HELEN","- RX -3 rounds for time:400-m run21 KB swings (35/53 lb)12 pull-ups- INTERMEDIATE -3 rounds for time:400-m run21 KB swings (26/44 lb)6 pull-ups- BEGINNER -3 rounds for time:200-m run21 KB swings to eye level (18/26 lb)12 ring rows",640,"10:40","","","[{""secs"":40,""mins"":10}]","",RX,
10/14/2024,"Handstand Hold: Max Time","Handstand Hold: Max Time",70,"1:10","","","[{""secs"":10,""mins"":1}]","",RX,
10/14/2024,"Double Unders: 2 Minute Test","Maximum double-unders in 2 minutes.",130,"130","Reps","","[{""reps"":130}]","",RX,
10/14/2024,"Box Jump: Max Height","Box Jump: Max Height",49.5,"49.5","Inches","","[{""inches"":49.5}]","",RX,
10/14/2024,"YOUR CHOICE","- RX -Conditioning challenge:20:00 to establish max meters on a machine of your choice.- INTERMEDIATE -Same as Rx’d- BEGINNER -Same as Rx’d",11298,"11298","Meters","","[{""meters"":11298}]","Bike",RX,PR
10/14/2024,"Broad Jump: Max Distance","Broad Jump: Max Distance",98,"98","Inches","","[{""inches"":98}]","",RX,
10/14/2024,"Handstand Walk: Max Distance","Handstand Walk: Max Distance",0.6,"0.6","Meters","","[{""meters"":0.6000000238418579}]","",RX,
10/15/2024,"Shoulder Press 1x1","1 RM Shoulder Press",120,"120","Load","Shoulder Press","[{""success"":true,""load"":120}]","",RX,
10/15/2024,"Back Squat 1x1","1 RM Back Squat",215,"215","Load","Back Squat","[{""success"":true,""load"":215}]","",RX,
10/15/2024,"CROSSFIT TOTAL","- RX -For load:1-rep-max back squat1-rep-max shoulder press1-rep-max deadlift- INTERMEDIATE -Same as Rxd- BEGINNER -For completion:3-3-3 back squat3-3-3 shoulder press3-3-3 deadlift",660,"660","Load","","[{""success"":true,""load"":660}]","",RX,PR
10/15/2024,"Deadlift 1x1","1 RM Deadlift",325,"325","Load","Deadlift","[{""success"":true,""load"":325}]","",RX,
10/16/2024,"ANNIE","50-40-30-20-10 reps for time of:• Double-Unders• Sit-ups",613,"10:13","","","[{""secs"":13,""mins"":10}]","",RX,
10/21/2024,"HORSE SHOE","- RX -AMRAP 10:6 front squats (105/155 lb)9 push ups- INTERMEDIATE -AMRAP 10:6 front squats (75/115 lb)9 knee push ups- BEGINNER -AMRAP 10:6 front squats (35/45 lb)9 elevated push ups",7.002,"7+2","Rounds + Reps","","[{""rnds"":7,""reps"":2}]","125#",SCALED,
10/22/2024,"HURRY UP & REST","- RX -6 sets:On a 1:30 clock::45 max-calorie row:15 transition:30 toes-to-bars - Rest 3:00 between intervals.- INTERMEDIATE -6 sets:On a 1:30 clock::45 max-calorie row- Rest :15.:30 max-reps toes-to-bars- Rest 3:00 between intervals.- BEGINNER -6 sets:On a 1:30 clock::45 max-calorie row- Rest :15.:30 knees raises- Rest 3:00 between intervals.",172,"172","Reps","","[{""reps"":172}]","",RX,
10/23/2024,"HOLD PLEASE","- RX -4 rounds10/15-cal bike:30 accumulated dead hang hold10/15-cal bike:30 accumulated handstand hold10/15-cal bike:30 accumulated ring support hold- INTERMEDIATE -4 rounds for time:8/12-cal bike:30 accumulated dead hang hold8/12-cal bike:30 accumulated handstand hold8/12-cal bike:30 accumulated ring support hold- BEGINNER -4 rounds for time:6/9-cal bike:15 accumulated toe-assisted dead hang hold6/9-cal bike:15 accumulated pike hold6/9-cal bike:15 accumulated toe-assisted ring support hold",0,"🪼","Other / Text","","[{""other"":""🪼""}]","",SCALED,
10/24/2024,"WHY THOUGH?","- RX -AMRAP 20:0010 Suitcase KB reverse lunges (53/70 lb)10 Pull Ups10 Burpee box jumps (24/30 in)- Use one kettlebell.- INTERMEDIATE -AMRAP 20:0010 Suitcase KB reverse lunges (35/53 lb)10 Toe Assist Pull Ups10 Burpee box jumps (20/24 in)- Use one kettlebell.- BEGINNER -AMRAP 15:0010 Suitcase KB reverse lunge (26/35 lb)10 Ring Rows10 Burpee box step-ups (12/20 in)- Use one kettlebell.",7.004,"7+4","Rounds + Reps","","[{""rnds"":7,""reps"":4}]","",RX,
10/25/2024,"PUSHY GWEN","- RX -15-12-9 reps for load:Push press- INTERMEDIATE -15-12-9 reps for load:Push press- BEGINNER -15-12-9 reps for load:Push press",135,"135","Load","Push Press","[{""success"":true,""load"":65},{""success"":true,""load"":95},{""success"":true,""load"":135}]","",RX,
10/28/2024,"DEVIL STEPS","- RX -For time:30 DB devils presses (35/50 lb)50 DB step-ups (12 in)- Use 2 dumbbells.- INTERMEDIATE -For time:30 DB devils presses (20/35 lb)50 DB step-ups (12 in)- Use 2 dumbbells.- BEGINNER -For time:20 burpees30 DB step-ups (12 in) (15/25 lb)- Use 2 dumbbells.",555,"9:15","","","[{""secs"":15,""mins"":9}]","40#",SCALED,
10/30/2024,"ROWING INTERVALS","- RX -5 rounds for distance::20 row- Rest :40.:30 row- Rest :30.:40 row- Rest :20.:50 row- Rest :10.1:00 row- Rest 1:00.- INTERMEDIATE -Same as Rxd- BEGINNER -5 rounds at an easy pace::20 row- Rest :40.:30 row- Rest :30.:40 row- Rest :20.:50 row- Rest :10.1:00 row- Rest 1:00.",4811,"4811","Meters","","[{""meters"":4811}]","",RX,
10/31/2024,"TEAM HALLOWEEN","For Time (with a Partner)75 Pumpkin Cleans50 Pumpkin Box Jumps (20 in)100 Pumpkin Deadlifts50 Pumpkin Push Presses (14/20)75 Lateral Pumpkin Jumps* 5 burpee penalty (both partners) each time the ""pumpkin"" touches the groundUse a medicine ball (20/14 lb) as your pumpkin",843,"14:03","","","[{""secs"":3,""mins"":14}]","Partnered with the bird 🐦‍⬛",RX,
10/31/2024,"Sober October","“Our greatest glory is not in never failing, but in rising up every time we fail.” — Ralph Waldo EmersonBe sober and move today!To join our sober community download the FREE Phoenix app... https://thephoenix.org/app",1,"Yes","Checkbox","","[{""boolean"":1}]","",RX,
11/01/2024,"Metcon","Complete as many rounds and reps as possible in 10 minutes of:5 front squats10 ring dips♀ 125 lb♂ 185 lb",5,"5","Rounds + Reps","","[{""rnds"":5}]","125#",SCALED,
11/04/2024,"RACK ATTACK","- RX -AMRAP 15:Double-KB front-rack carry (50 m) (35/53 lb)10 burpees to target (12 in)- INTERMEDIATE -AMRAP 15:Double-KB front-rack carry (50 m) (26/35 lb)10 burpees to target (6 in)- BEGINNER -AMRAP 15:Single-KB goblet carry (50 m) (18/26 lb)10 burpees",7,"7","Rounds + Reps","","[{""rnds"":7}]","",RX,
11/05/2024,"RUN, SNATCH, PUSH","- RX -4 rounds for reps:1:00 shuttle runs1:00 alternating DB snatches (35/50 lb)1:00 hand-release push-ups1:00 calories on any machine1:00 rest- INTERMEDIATE -4 rounds for reps:1:00 shuttle runs1:00 alternating DB snatches (20/35 lb)1:00 hand-release push-ups1:00 calories on any machine1:00 rest- BEGINNER -4 rounds for reps:1:00 shuttle runs1:00 alternating DB snatches (10/15 lb)1:00 push-ups from the knees1:00 calories on any machine1:00 rest",237,"237","Reps","","[{""reps"":237}]","",RX,
11/06/2024,"LOTSA SQUATS & PRESS","- RX -Every 4:00 for 5 sets:40 air squats4 shoulder presses- INTERMEDIATE -Every 4:00 for 5 sets:25 air squats4 shoulder presses- BEGINNER -Every 4:00 for 5 sets:10 air squats4 shoulder presses",105,"105","Load","","[{""success"":true,""load"":105}]","",RX,
11/08/2024,"Skill Work","Pre-workout:Every 2:00 for 5 sets:3 sumo deadlift2 sumo deadlift + shrug1 sumo deadlift high pull- Build in load if the technique is sound.",115,"115","Load","","[{""success"":true,""load"":115}]","",RX,
11/08/2024,"LIFT & HANG","- RX -For time:50 deadlifts (65/95 lb)50 sumo deadlift high pulls- Every minute including the start, complete 7 knees-to-elbows.- INTERMEDIATE -For time:50 deadlifts (55/75 lb)50 sumo deadlift high pulls- Every minute including the start, complete 7 knees-to-armpits.- BEGINNER -For time:30 deadlifts (35/45 lb)30 sumo deadlift high pulls- Every minute including the start, complete 5 hanging knee raises.",595,"9:55","","","[{""secs"":55,""mins"":9}]","",RX,
11/09/2024,"PARTNER BADGER","- RX -3 rounds for time with a partner:30 squat cleans (65/95 lb)30 pull-ups800-m run- Athletes run together and break up the cleans and pull-ups as needed.- INTERMEDIATE -3 rounds for time with a partner:30 squat cleans (45/65 lb)30 pull-ups800-m run- Athletes run together and break up the cleans and pull-ups as needed.- BEGINNER -3 rounds for time with a partner:30 squat cleans (35/45 lb)30 jumping pull-ups600-m run- Athletes run together and break up the cleans and pull-ups as needed.",1626,"27:06","","","[{""secs"":6,""mins"":27}]","75#Partnered with Chandler",SCALED,
11/11/2024,"CHAD","For Time:• 1,000 Box Step-Ups (20 in)Wear a Ruck Pack (45/35 lb)",3056,"50:56","","","[{""secs"":56,""mins"":50}]","No weight",SCALED,
11/12/2024,"Nancy","- RX -5 rounds for time:400-m run15 overhead squats (65/95 lb)- INTERMEDIATE -5 rounds for time:400-m run15 overhead squats (55/75 lb)- BEGINNER -4 rounds for time:300-m run15 overhead squats (35/45 lb)",827,"13:47","","","[{""secs"":47,""mins"":13}]","75#",SCALED,PR
11/13/2024,"3RM DEADLIFT","- RX -For load:3-3-3-3-3Deadlift- INTERMEDIATE -Same as Rxd- BEGINNER -For load:5-5-5-5-5Deadlift",325,"325","Load","Deadlift","[{""success"":true,""load"":225},{""success"":true,""load"":275},{""success"":true,""load"":305},{""success"":true,""load"":315},{""success"":true,""load"":325}]","",RX,PR
11/15/2024,"TRIPLE THREAT","- RX -21-15-9 reps for time of:Toes-to-barsBurpeesWall-ball shots (14/20 lb) (9/10 ft)- INTERMEDIATE -21-15-9 reps for time of:Knees-to-armpitsBurpeesWall-ball shots (10/14 lb) (9/10 ft)- BEGINNER -15-12-9 reps for time of:Hanging leg raisesBurpeesWall-ball shots (6/10 lb) (9/10 ft)",484,"8:04","","","[{""secs"":4,""mins"":8}]","",RX,
11/16/2024,"AFF 1-IN-5 ROWATHON","In team of 5 row a 10k for teen mental health",2220,"37:00","","","[{""mins"":37}]","",RX,
11/18/2024,"SO MUCH","- RX -For max reps:AMRAP 5:50 air squatsMax chest-to-bar pull-upsAMRAP 3:30 box step-ups (20/24 in)Max toes-to-barsAMRAP 1:Max-distance row- 10 m = 1 rep.- INTERMEDIATE -For max reps:AMRAP 5:50 air squatsMax chin-over-bar pull-upsAMRAP 3:30 box step-ups (20/24 in)Max kipping knee raisesAMRAP 1:Max-distance row- 10 m = 1 rep.- BEGINNER -For max reps:AMRAP 5:30 air squatsMax ring rowsAMRAP 3:20 box step-ups (20 in)Max hanging knee raisesAMRAP 1:Max-distance row- 10 m = 1 rep.",87,"87","Reps","","[{""reps"":87}]","",RX,
11/19/2024,"DOUBLE UNDER MACHINE","- RX -AMRAP 12:25/36 cal on any machine72 double-unders- INTERMEDIATE -AMRAP 12:20/28 cal on any machine50 double-unders- BEGINNER -AMRAP 12:12/17 cal on any machine50 single-unders",3.001,"3+1","Rounds + Reps","","[{""rnds"":3,""reps"":1}]","🐌 ",RX,
11/19/2024,"Skill Work","4 sets:10 good mornings- Start light and build in load as quality mechanics allow.",45,"45","Load","","[{""success"":true,""load"":45}]","",RX,
11/20/2024,"UP & JUMP","- RX -5 rounds for time:5 ring muscle-ups10 box jumps (20/24 in)20 AbMat sit-ups- INTERMEDIATE -5 rounds for time:2 ring muscle-ups10 box jumps (20/24 in)20 AbMat sit-ups- BEGINNER -5 rounds for time:5 low ring muscle-up transitions10 box step-ups (12/20 in)10 AbMat sit-ups",780,"13:00","","","[{""mins"":13}]","3 ring muscle upsOnly got to 4 rounds",SCALED,
11/22/2024,"CLEAN THRUST","- RX -Every 3:00 x 7 sets:2 power cleans2 thrusters- Increase loading across as many sets as possible.- INTERMEDIATE -Same as Rxd- BEGINNER -Same as Rxd",160,"160","Load","","[{""success"":true,""load"":160}]","",RX,
11/23/2024,"PARTNER FUN","- RX -For time with a partner:100 walking overhead plate lunges (25/45 lb)75 burpees to a plate1:00 accumulated hang from a pull-up bar1,000-m weighted run together (25/45 lb)1:00 accumulated hang from a pull-up bar75 burpees to a plate100 walking overhead plate lunges (25/45 lb)- One partner works on the hangs, burpees, and overhead lunges, while the other rests.- Run together with one partner carrying one plate at a time.- INTERMEDIATE -For time with a partner:100 walking overhead plate lunges (15/25 lb)75 burpees to a plate1:00 accumulated hang from a pull-up bar1,000-m weighted run together (15/25 lb)1:00 accumulated hang from a pull-up bar75 burpees to a plate100 walking overhead plate lunges (15/25 lb)- One partner works on the hangs, burpees, and overhead lunges, while the other rests.- Run together with one partner carrying one plate at a time.- BEGINNER -For time with a partner:50 walking overhead plate lunges (10/15 lb)40 burpees to a plate:40 accumulated hang from a pull-up bar800-m weighted run together (10/15 lb):40 accumulated hang from a pull-up bar40 burpees to a plate50 walking overhead plate lunges (10/15 lb)- One partner works on the hangs, burpees, and overhead lunges, while the other rests.- Run together with one partner carrying one plate at a time.",1504,"25:04","","","[{""secs"":4,""mins"":25}]","Partnered with Josh and Chris",RX,
11/25/2024,"DOUBLES & DEADLIFTS","- RX -10 rounds for time:30 double-unders3 deadlifts (205/315 lb)- INTERMEDIATE -10 rounds for time:20 double-unders3 deadlifts (155/225 lb)- BEGINNER -10 rounds for time:20 single-unders3 deadlifts (65/95 lb)",597,"9:57","","","[{""secs"":57,""mins"":9}]","280#",SCALED,
11/25/2024,"Skill Work","EMOM 9:1 deadliftBuild over sets",345,"345","Load","Deadlift","[{""success"":true},{""success"":true},{""success"":true},{""success"":true},{""success"":true},{""success"":true},{""success"":true},{""success"":true,""load"":335},{""success"":true,""load"":345}]","",RX,
11/26/2024,"5RM OH SQUAT","- RX -For load:5-5-5-5-5Overhead squat- INTERMEDIATE -Same as Rxd- BEGINNER -Same as Rxd",145,"145","Load","Overhead Squat","[{""success"":true},{""success"":true},{""success"":true},{""success"":true},{""success"":true,""load"":145}]","",RX,PR
11/27/2024,"HANDSTANDS & RUNNING","- RX -5 rounds for time:200-m run (45 sec)10 strict handstand push-ups- INTERMEDIATE -5 rounds for time:200-m run10 pike push-ups- BEGINNER -5 rounds for time:200-m run10 seated DB presses (15/25 lb)",627,"10:27","","","[{""secs"":27,""mins"":10}]","5 HSPU",SCALED,
11/28/2024,"COFFLAND","- RX - Hang from a pull-up bar for 6 minutesEach time you drop from the bar, perform:•800-m run •30 push-upsTime Cap 40:00- INTERMEDIATE - Hang from a pull-up bar for 6 minutesEach time you drop from the bar, perform:•800-m run•20 push-upsTime Cap 40:00- BEGINNER -Hang from a pull-up bar for 4 minutesEach time you drop from the bar, perform:•400-m run•15 push-ups from the kneesTime Cap 40:00",780,"13:00","","","[{""mins"":13}]","",RX,PR
11/29/2024,"FIVE BY FIVE","- RX -Every 5:00 for 5 rounds:10 pull-ups50 double-unders10 single DB push jerks (35/50 lb)50 ft KB front-rack lunges (50 ft) (53/70 lb)- Rest with the remaining time in the intervals.Score is slowest round- INTERMEDIATE -Every 5:00 for 5 rounds:10 pull-ups25 double-unders10 single DB push jerks (35/50 lb)50 ft KB front-rack lunges (50 ft) (44/53 lb)- Rest with the remaining time in the intervals.- BEGINNER -Every 5:00 for 5 rounds:10 jumping pull-ups50 single-unders10 single DB push jerks (35/50 lb)50 ft KB front-rack lunges (50 ft) (35/44 lb)- Rest with the remaining time in the intervals.",150,"2:30","","","[{""secs"":30,""mins"":2}]","",RX,
11/30/2024,"THE LONG ROW","- RX -AMRAP 20 with a partner:Row for calories- Switch as needed.- INTERMEDIATE -Same as Rxd- BEGINNER -Same as Rxd",325,"325","Calories","","[{""calories"":325}]","",RX,
12/02/2024,"DIANE","- RX -For time:21-15-9Deadlifts (155/225 lb)Handstand push-ups- INTERMEDIATE -For time:21-15-9Deadlifts (125/185 lb)12-9-6Handstand push-ups- BEGINNER -For time:15-12-9Deadlifts (55/75 lb)Dumbbell shoulder press (15/20 lb)",652,"10:52","","","[{""secs"":52,""mins"":10}]","",RX,
12/03/2024,"HELEN","- RX -3 rounds for time:400-m run (2:00)21 KB swings (35/53 lb)12 pull-ups- INTERMEDIATE -3 rounds for time:400-m run21 Russian KB swings (35/53 lb)6 pull-ups- BEGINNER -3 rounds for time:200-m run15 KB swings (18/26 lb)12 jumping pull ups",587,"9:47","","","[{""secs"":47,""mins"":9}]","",RX,PR
12/04/2024,"Skill Work","Accumulate:50 alternating wall-facing handstand shoulder tapsOr…Handstand walk (150 ft)",0,"🪿","Other / Text","","[{""other"":""🪿""}]","",RX,
12/04/2024,"BURPEES & DUBS","- RX -For time:50 burpees200 double-unders50 burpees- INTERMEDIATE -For time:40 burpees80 double-unders40 burpees- BEGINNER -For time:25 burpees100 single-unders25 burpees",756,"12:36","","","[{""secs"":36,""mins"":12}]","",RX,
12/09/2024,"HEAVY GRACE","- RX -For time:30 clean and jerks (155/225 lb)- INTERMEDIATE -For time:30 clean and jerks (105/155 lb)- BEGINNER -For time:30 clean and jerks (55/75 lb)- 10:00 JUST MOVE - 5 clean and jerks 5 cal bike",779,"12:59","","","[{""secs"":59,""mins"":12}]","155#",SCALED,
12/10/2024,"PUSH YOUR TOES","- RX -3 rounds for time: 15 push presses (95/135 lb)15 toes-to-bars- INTERMEDIATE -3 rounds for time: 15 push presses (65/95 lb)15 knees-to-armpits- BEGINNER -3 rounds for time: 10 push presses (35/45 lb)10 hanging leg raises- 6:00 JUST MOVE - 10 push presses 10 toes to bar",348,"5:48","","","[{""secs"":48,""mins"":5}]","95#",SCALED,
12/11/2024,"SNATCH & SQUAT","- RX -21-15-9 reps for time: Hang power snatches (65/95 lb)Overhead squats- INTERMEDIATE -21-15-9 reps for time: Hang power snatches (45/65 lb)Overhead squats- BEGINNER -21-15-9 reps for time: Hang power snatches (35/45 lb)Overhead squats- 6:00 JUST MOVE - 10 Hang Power Snatches 10 Overhead Squats",720,"12:00","","","[{""mins"":12}]","",RX,
12/13/2024,"3RM BACK SQUAT","- RX -For load:3-3-3-3-3-3-3Back squat- INTERMEDIATE -Same as Rxd- BEGINNER -For load:5-5-5-5-5-5-5Back squat- 24:00 JUST MOVE - Every 4 minutes5 Back squats with light load",215,"215","Load","Back Squat","[{""success"":true},{""success"":true},{""success"":true},{""success"":true},{""success"":true},{""success"":true},{""success"":true,""load"":215}]","",RX,PR
12/14/2024,"BURPEE MACHINE","- RX -On a 30:00 clock with a partner:Machine of choice for calories- Trade off as desired.- Starting at :00 and again every 2:00 partners each perform 10 burpees together.- INTERMEDIATE -On a 30:00 clock with a partner:Machine of choice for calories- Trade off as desired.- Starting at :00 and again every 2:00 partners each perform 7 burpees together.- BEGINNER -On a 30:00 clock with a partner:Machine of choice for calories- Trade off as desired.- Starting at :00 and again every 2:00 partners perform 3 burpees together.",1,"1","Calories","","[{""calories"":1}]","",RX,
12/16/2024,"Skill Work","5 sets for load:1 strict weighted pull-up",50,"50","Load","","[{""success"":true,""load"":50}]","",RX,
12/16/2024,"JUMP & MUSCLE UP","- RX -AMRAP 7:10 box jumps (20/24 in)3 bar muscle-ups- INTERMEDIATE -AMRAP 7:10 box jumps (20/24 in)1 bar muscle-ups- BEGINNER -AMRAP 7:10 box jumps (12/20 in)3 burpee pull up- Step up to the box as needed.- JUST MOVE - Same as above",8.012,"8+12","Rounds + Reps","","[{""rnds"":8,""reps"":12}]","",RX,
12/17/2024,"SQUAT CLEAN & JERK COMPLEX","- RX -Complex for load:3 squat cleans1 jerk- INTERMEDIATE -Same as Rxd- BEGINNER -3 power cleans2 front squats2 shoulder-to-overheads- 18:00 JUST MOVE - Every 4 minutesComplex 3 power cleans1 shoulder-to-overhead",165,"165","Load","","[{""success"":true,""load"":165}]","",RX,
12/18/2024,"Skill Work","3 sets:10-20 GHD sit-ups",0,"🪓","Other / Text","","[{""other"":""🪓""}]","",RX,
12/18/2024,"RUNNING, LUNGING FARMERS","- RX - 3 rounds for time:400-m run (1:30)20 DB farmers carry walking lunges (35/50 lb)- Use two dumbbells.- INTERMEDIATE -3 rounds for time:400-m run20 DB farmers carry walking lunges (20/35 lb)- Use two dumbbells.- BEGINNER -3 rounds for time:300-m run16 unweighted walking lunges- 8:00 JUST MOVE - 400m run20 DB farmers carry walking lunges",508,"8:28","","","[{""secs"":28,""mins"":8}]","",RX,
12/21/2024,"KOSIM FUNDRAISER","AMRAP 25:002 wall walks3 burpees40 walking lunges",7.005,"7+5","Rounds + Reps","","[{""rnds"":7,""reps"":5}]","",RX,
12/21/2024,"KOSIM FUNDRAISER FINISHER","Max distance run or bike",2000,"2000","Meters","","[{""meters"":2000}]","Run",RX,
12/23/2024,"3 ROUNDS TWICE","- RX -3 rounds for time:10 deadlifts (105/155 lb)10 burpees over the barbellStraight into...3 rounds for time:10 front squats (105/155 lb)10 burpees over the barbell- INTERMEDIATE -3 rounds for time:10 deadlifts (75/115 lb)10 burpees over the barbellStraight into...3 rounds for time:10 front squats (75/115 lb)10 burpees over the barbell- BEGINNER -2 rounds for time:10 deadlifts (35/45 lb)10 up-downs over the barbellStraight into...2 rounds for time:10 front squats (35/45 lb)10 up-downs over the barbell- 8:00 JUST MOVE -10 deadlifts10 front squats10 burpees over the barbell",669,"11:09","","","[{""secs"":9,""mins"":11}]","115#",SCALED,
12/24/2024,"12 DAYS OF CHRISTMAS","12 rounds for time, starting with 1 and adding an exercise each round:1 wall walk2 candlestick rocks3 burpees4 push-ups5 walking lunges6 air squats7 sit-ups8 step ups9 KB deadlift10 broad jumps11 leg lifts12 handstand push-ups",1523,"25:23","","","[{""secs"":23,""mins"":25}]","",RX,
12/26/2024,"RUN & SNATCH","- RX -Every 3:00 for 15:00:Run 400m (2:00)Snatch (125/185 lb)- Score is total snatches- INTERMEDIATE -Every 3:00 for 15:00:Run 400m (2:00)Snatch (95/135 lb)- Score is total snatches- BEGINNER -Every 3:00 for 15:00:Run 200m (2:00)Snatch (35/45 lb)- Score is total snatches- JUST MOVE - Same as above",32,"32","Reps","","[{""reps"":32}]","115#",SCALED,
12/27/2024,"ARMS ALL DAY","- RX -5 rounds for time:15 chest-to-bar pull-upsHandstand walk (25 ft)- INTERMEDIATE -5 rounds for time:10 pull-ups20 timed handstand walk attempts- BEGINNER -5 rounds for time:10 jumping pull-ups5 traversing inchworms- 10:00 JUST MOVE - 10 chest-to-bar pull-upsHandstand walk (25 ft)",960,"16:00","","","[{""secs"":0,""mins"":16}]","",SCALED,
12/30/2024,"NATE","- RX -AMRAP 20:2 ring muscle-ups4 handstand push-ups8 KB swings (53/70 lb)- INTERMEDIATE - AMRAP 20:2 kipping pull-ups2 ring dips4 pike handstand push-ups from a box8 KB swings (35/53 lb)- BEGINNER -AMRAP 8:150-m row2 ring rows4 hand-elevated push-ups8 KB swings (18/26 lb)Rest 4:00AMRAP 8:150-m row2 ring rows4 hand-elevated push-ups8 KB swings (18/26 lb)- JUST MOVE - Same as above",10.007,"10+7","Rounds + Reps","","[{""rnds"":10,""reps"":7}]","",RX,PR
01/02/2025,"PLAY ON BASELINE","- RX -3 rounds for time:50 double-unders40 sit-ups30 push-ups20 single-leg squats- INTERMEDIATE -3 rounds for time:40 double-unders30 sit-ups20 push-ups10 single-leg squats- BEGINNER -3 rounds for time:30 single-unders20 foot-anchored sit-ups15 hand-elevated push-ups10 reverse lunges- 12:00 JUST MOVE -30 double unders20 sit ups15 push ups10 single-leg squats/reverse lunges",869,"14:29","","","[{""secs"":29,""mins"":14}]","Reverse lunges",SCALED,
01/03/2025,"OPEN 22.1","- RX -AMRAP 15:3 wall walks12 DB snatches (35/50 lb)15 box jump-overs (20/24 in)- Step down from the box.- INTERMEDIATE -AMRAP 15:3 scaled wall walks12 DB snatches (20/35 lb)15 box jump-overs (20/24 in)- Step down from the box. Stepping up is also permitted.- BEGINNER -AMRAP 15:6 plank shoulder taps9 DB snatches (10/15 lb)12 box step-overs (12 in)- Step down from the box.- JUST MOVE -Same as above",188,"188","Reps","","[{""reps"":188}]","",RX,PR
01/06/2025,"HEAVY CLEAN & JERK","- RX -For load:Clean and jerk- Build to a 1-rep-max- INTERMEDIATE -Same as Rxd- BEGINNER -5 sets:3 clean and jerks",185,"185","Load","Clean & Jerk","[{""success"":true,""load"":185}]","",RX,
01/06/2025,"HEAVY SNATCH","- RX -For load:Snatch- Build to a 1-rep-max- INTERMEDIATE -Same as Rxd- BEGINNER -5 sets:3 snatches",140,"140","Load","Snatch","[{""success"":true,""load"":140}]","",RX,
01/07/2025,"2000M ROW","Row 2000m- 10:00 JUST MOVE - Max row for distance",465.6,"7:45.6","","","[{""secs"":45.599998474121094,""mins"":7}]","",RX,
01/08/2025,"MEGAN","21-15-9 reps for time of:• Burpees• KB Swings (53/35)• Double-Unders- 10:00 JUST MOVE - 10 burpees10 KB swings20 double-unders",285,"4:45","","","[{""secs"":45,""mins"":4}]","",RX,PR
01/10/2025,"DT","Five rounds of:•155/105 pound Deadlift, 12 reps•155/105 pound Hang power clean, 9 reps•155/105 pound Push jerk, 6 reps- 7:00 JUST MOVE - 12 Deadlifts9 Hang power cleans6 Push Jerks",834,"13:54","","","[{""secs"":54,""mins"":13}]","135#",SCALED,
01/11/2025,"CINDY","AMRAP 20 minutes of:• 5 pull-ups• 10 push-ups• 15 squats",16.015,"16+15","Rounds + Reps","","[{""rnds"":16,""reps"":15}]","",RX,PR
01/13/2025,"BURPEE ROW","- RX -AMRAP 15500m row20 burpees- JUST MOVE - Same as above",4.007,"4+7","Rounds + Reps","","[{""rnds"":4,""reps"":7}]","4 rounds + 371m50m per rep",RX,
01/14/2025,"KB & PULL UPS","- RX -AMRAP 12:00Increase by 1 rep every round1-2-3-4-5-6-7-8-9-10 reps...KB swings (53/70 lb)Pull up- INTERMEDIATE -1-2-3-4-5-6-7-8-9-10 reps for time of:KB swings (35/53 lb)Pull up- BEGINNER -1-2-3-4-5-6-7-8 reps for time of:KB swings (18/26 lb)Jumping pull-ups- 12:00 JUST MOVE - 10 KB Swings10 Pull ups",137,"137","Reps","","[{""reps"":137}]","",RX,
01/15/2025,"ALL THE THINGS","- RX -Every 6:00 for 5 rounds:20-cal bike40 double-unders10 thrusters (75/115 lb)10 sit-ups- Rest the remainder of each round.Score is slowest round- INTERMEDIATE -Every 6:00 for 5 rounds:20-cal bike20 double-unders10 thrusters (65/95 lb)10 sit-ups- Rest the remainder of each round.- BEGINNER -Every 6:00 for 5 rounds:12-cal bike20 single-unders10 thrusters (35/45 lb)10 sit-ups- Rest the remainder of each round.- JUST MOVE - Every 6:00 for 5 rounds:10-cal bike20 double-unders10 thrusters 10 sit-ups- Rest the remainder of each round.",258,"4:18","","","[{""secs"":18,""mins"":4}]","16 calories95#",SCALED,
01/16/2025,"3RM BENCH PRESS","Bench Press for load:3-3-3-3-3",155,"155","Load","Bench Press","[{""success"":true},{""success"":true},{""success"":true},{""success"":true},{""success"":true,""load"":155}]","",RX,
01/21/2025,"Shoulder Press 1x3","Shoulder Press for load: #1:  3 reps",125,"125","Load","Shoulder Press","[{""success"":true,""load"":125}]","",RX,PR
01/21/2025,"Push Jerk 1x1","Push Jerk for load: #1:  1 rep ",170,"170","Load","Push Jerk","[{""success"":true,""load"":170}]","",RX,
01/27/2025,"CLIMBING & STUFF","- RX -5 rounds for time:2 rope climbs (15 ft)20 burpees40 air squats- INTERMEDIATE -5 rounds for time:1 rope climb (15 ft)15 burpees30 air squats- BEGINNER -5 rounds for time:2 pull-to-stands10 burpees15 air squats- 15:00 JUST MOVE - 1 rope climb10 burpees10 air squats",1195,"19:55","","","[{""secs"":55,""mins"":19}]","Legless rope climbs",RX,
01/31/2025,"DO ALL THE THRUSTERS","- RX -1 set for reps:Max-rep thrusters- Use 60% of the EMOM 1-rep-max.- INTERMEDIATE - Same as Rxd- BEGINNER - AMRAP 1:Max-rep thrusters (35/45 lb)",15,"15","Reps","","[{""reps"":15}]","80#",RX,
01/31/2025,"HEAVY THRUSTER EMOM","- RX -EMOM 10:1 thruster- Rest 3:00- INTERMEDIATE - Same as Rxd- BEGINNER - EMOM 10:3 thrusters- Rest 3:00",135,"135","Load","Thruster","[{""success"":true,""load"":135},{""success"":true,""load"":135},{""success"":true,""load"":135},{""success"":true,""load"":135},{""success"":true,""load"":135},{""success"":true,""load"":135},{""success"":true,""load"":135},{""success"":true,""load"":135},{""success"":true,""load"":135},{""success"":true,""load"":135}]","",RX,
02/03/2025,"Hang Power Snatch 1x1","Record your 1 rep hang power snatch from the workout",125,"125","Load","Hang Power Snatch","[{""success"":true,""load"":125}]","",RX,
02/03/2025,"Power Snatch 1x1","Record your 1 rep power snatch from the workout",135,"135","Load","Power Snatch","[{""success"":true,""load"":135}]","",RX,
02/03/2025,"QUALITY & QUANTITY","- RX -5:00 EMOM 1 snatch high pull5:00 EMOM 1 hang power snatch5:00 EMOM 1 power snatch- Score is the combined heaviest load for each section.- INTERMEDIATE -Same as Rxd- BEGINNER -Same as Rxd with 2 reps on each min.",400,"400","Load","","[{""success"":true,""load"":400}]","",RX,
02/04/2025,"ROCKNROLL","- RX -For time:500-m row30 toes-to-bars30 overhead squats (80/115 lb)500-m row- INTERMEDIATE -For time:500-m row20 toes-to-bars30 overhead squats (65/95 lb)500-m row- BEGINNER -For time:300-m row20 hanging knee raises20 overhead squats (15/35 lb)300-m row",664,"11:04","","","[{""secs"":4,""mins"":11}]","95#",SCALED,
02/04/2025,"Skill Work","3 sets:6 overhead squats- Build in load.",125,"125","Load","Overhead Squat","[{""success"":true,""load"":95},{""success"":true,""load"":125},{""success"":true,""load"":125}]","",RX,
02/05/2025,"Skill Work","Accumulate:2:00 GHD Superman hold- Rest as needed.",0,"🫠","Other / Text","","[{""other"":""🫠""}]","",RX,
02/05/2025,"""FIRE!!!""","- RX -For time:400-m run (1:30)30 lateral burpees over the bar20 clean and jerks (80/115 lb)- INTERMEDIATE -For time:400-m run30 lateral burpees over the bar20 clean and jerks (65/95 lb)- BEGINNER -For time:300-m run15 lateral burpee bar step-overs20 hang clean and jerks (35/45 lb)",412,"6:52","","","[{""secs"":52,""mins"":6}]","",RX,
02/07/2025,"""PEEK-A-BOO"" PART 1","- RX -AMRAP 10:4 squat cleans (125/185 lb)12 pull-upsStraight into...Part 2- INTERMEDIATE -AMRAP 10:4 squat cleans (105/155 lb)9 pull-upsStraight into...Part 2- BEGINNER -AMRAP 10:3 DB hang power clean + front squats (15/25 lb)7 jumping pull-upsStraight into...Part 2",39,"39","Reps","","[{""reps"":39}]","165#",SCALED,
02/07/2025,"""PEEK-A-BOO"" PART 2","- RX -10:00 to establish:1 heavy squat clean- INTERMEDIATE -10:00 to establish:1 heavy squat clean- BEGINNER -10:00 to practice:3 hang power cleans3 front squats",195,"195","Load","Squat Clean","[{""success"":true,""load"":195}]","",RX,
02/08/2025,"CHRISTINE","- RX -3 rounds for time:400/500-m row12 bodyweight deadlifts21 box jumps (20 in)- INTERMEDIATE - 3 rounds for time:400/500-m row12 deadlifts (75/115 lb)21 box jumps (20 in)- BEGINNER -3 rounds for time:200/250-m row12 deadlifts (55/75 lb)21 box step-ups (12 in)",795,"13:15","","","[{""secs"":15,""mins"":13}]","",RX,PR
02/10/2025,"OPEN 23.1","- RX - AMRAP 14:60-cal row50 toes-to-bars40 wall-ball shots (14/20 lb) (9/10 ft)30 cleans (95/135 lb)20 ring muscle-ups- INTERMEDIATE -AMRAP 14:60-calorie row50 hanging knee raises40 wall-ball shots (10/14 lb) (9/10 ft)30 cleans (65/95 lb)20 burpee jumping pull up- BEGINNER -AMRAP 14:60 strokes on the rower50 sit-ups40 wall-ball shots (6/10 lb) (9/10 ft)30 cleans (35/45 lb)20 burpee jumping pull up",167,"167","Reps","","[{""reps"":167}]","",RX,PR
02/11/2025,"Skill Work","EMOM 10:Min. 1 | 6 heavy KB swingsMin. 2 | :20-:30 handstand hold",0,"🟣","Other / Text","","[{""other"":""🟣""}]","",RX,
02/11/2025,"KB & DUBS","-RX-For time:21-15-9:KB swings (53/70 lb)100-100-100:Double-unders- INTERMEDIATE - For time:21-15-9:KB swings (35/53 lb)50-50-50:Double-unders- BEGINNER - For time:21-15-9:KB swings (18/26 lb)50-50-50:Single-unders",596,"9:56","","","[{""secs"":56,""mins"":9}]","",RX,
02/12/2025,"6 RM ALT FRONT RACK REVERSE LUNGES","- RX -For load: 6 alternating front-rack reverse lunges- INTERMEDIATE -Same as Rxd- BEGINNER - Same as Rxd",135,"135","Load","","[{""success"":true,""load"":135}]","",RX,
02/17/2025,"FOUR AMRAPS","- RX -4 x AMRAP 4:3 hang power cleans (95/135 lb)6 shoulder-to-overheads9 lateral burpees over the bar12 pull-ups- Rest 2:00 between rounds.- INTERMEDIATE - 4 x AMRAP 4:3 hang power cleans (65/95 lb)6 shoulder-to-overheads9 lateral burpees over the bar6 pull-ups- Rest 2:00 between rounds.- BEGINNER -4 x AMRAP 4:3 hang power cleans (35/45 lb)6 shoulder-to-overheads9 lateral burpee bar step-overs6 jumping pull-ups- Rest 2:00 between rounds.",169,"169","Reps","","[{""reps"":169}]","",RX,
02/18/2025,"RUN, PUSH, LUNGE","- RX -For time:800-m run (3:30)50 hand-release push-ups50 single-arm DB overhead walking lunges (35/50 lb)800-m run- INTERMEDIATE -For time:800-m run30 hand-release push-ups50 single-arm DB overhead walking lunges (20/35 lb)800-m run- BEGINNER - For time:400-m run30 hand-release push-ups from the knees30 single-arm DB front rack walking lunges (10/15 lb)400-m run",854,"14:14","","","[{""secs"":14,""mins"":14}]","",RX,
02/19/2025,"T2B & DUBS","- RX -For time:100 double-unders20 toes-to-bars80 double-unders20 toes-to-bars60 double-unders20 toes-to-bars40 double-unders20 toes-to-bars20 double-unders20 toes-to-bars- INTERMEDIATE -For time:80 double-unders15 toes-to-bars60 double-unders15 toes-to-bars40 double-unders15 toes-to-bars20 double-unders15 toes-to-bars10 double-unders15 toes-to-bars- BEGINNER -For time:80 single-unders10 sit-ups60 single-unders10 sit-ups40 single-unders10 sit-ups20 single-unders10 sit-ups10 single-unders10 sit-ups",960,"16:00","","","[{""mins"":16}]","ish",RX,
02/22/2025,"Open 17.1","For time / reps:•10 dumbbell snatches•15 burpee box jump-overs•20 dumbbell snatches•15 burpee box jump-overs•30 dumbbell snatches•15 burpee box jump-overs•40 dumbbell snatches•15 burpee box jump-overs•50 dumbbell snatches•15 burpee box jump-oversMen use 50-lb. dumbbell and 24-in. boxWomen use 35-lb. dumbbell and 20-in. boxTime cap: 15 minutes. Note total reps if the time cap is reached.Scaled (ages 16-54)/RXD Masters 55+•Men use 35-lb. dumbbell and 20-in. box, step-ups OK•Women use 20-lb. dumbbell and 20-in. box, step-ups OKTeenagers RxD (ages 14-15)•Boys use 35-lb. dumbbell and 24-in. box•Girls use 20-lb. dumbbell and 20-in. boxScaled Masters 55+/Scaled Teens (ages 14-15)•Men/Boys use 20-lb. dumbbell and 24-in. box, step-ups OK•Women/Girls use 10-lb. dumbbell and 20-in. box, step-ups OK",900,"15:00","","","[{""mins"":15}]","163 reps",RX,PR
02/24/2025,"C2B & FRONT SQUATS","EMOM 16:Min. 1 | 10 chest-to-bar pull-upsMin. 2 | 5 front squats (165/245 lb)",0,"135","Other / Text","","[{""other"":""135""}]","",SCALED,
02/25/2025,"SNATCH BURPEES","For time:2 rounds of:10 snatches (125/175 lb)12 bar-facing burpeesStraight into... 2 rounds of:10 snatches, (75/115 lb)12 bar-facing burpees",756,"12:36","","","[{""secs"":36,""mins"":12}]","115#/95#",SCALED,
02/26/2025,"HEAVY POWER CLEANS","5-5-3-3-3-1-1-1-1:Power clean",210,"210","Load","Power Clean","[{""success"":true,""load"":210}]","",RX,PR
03/01/2025,"Open 25.1","As many rounds and reps as possible in 15 minutes of:- 3 lateral burpees over the dumbbell- 3 dumbbell hang clean-to-overheads- 30-foot walking lunge (2 x 15 feet)*After completing each round, add 3 reps to the burpees and hang clean-to-overheads.♀ 35-lb (15-kg) dumbbell♂ 50-lb (22.5-kg) dumbbellFor more details visit: https://games.crossfit.com/workouts/open/2025?division=2",160,"160","Reps","","[{""reps"":160}]","",RX,PR
03/03/2025,"BIKE & CLEAN","- RX -3 rounds for time:24/30-cal bike15 hang power cleans (105/155 lb)- INTERMEDIATE -3 rounds for time:24/30-cal bike15 hang power cleans (75/115 lb)- BEGINNER -3 rounds for time:16/20-cal bike12 hang power cleans (35/45 lb)",460,"7:40","","","[{""secs"":40,""mins"":7}]","135#",SCALED,
03/08/2025,"Open 25.2","For time:• 21 pull-ups• 42 double-unders• 21 thrusters (weight 1)• 18 chest-to-bar pull-ups• 36 double-unders• 18 thrusters (weight 2)• 15 bar muscle-ups• 30 double-unders• 15 thrusters (weight 3)♀ 65 lb, then 75 lb, then 85 lb♂ 95 lb, then 115 lb, then 135 lbTime cap: 12 minutesFor more information visit: https://games.crossfit.com/workouts/open/2025/2",154,"154","Reps","","[{""reps"":154}]","",RX,PR
03/10/2025,"Skill Work","On a 10:00 clock:Handstand walk practice",0,"🐦","Other / Text","","[{""other"":""🐦""}]","",RX,
03/10/2025,"ALL THE SHOULDERS THEN LEGS","- RX - For time:Handstand walk (150 ft)40 shoulder presses (55/75 lb)800-m run (5:00)- Complete handstand walks in 25-ft segments.- INTERMEDIATE -For time:50 shoulder taps against the wall40 shoulder presses (45/55 lb)800-m run- BEGINNER -For time:10 inchworms30 double-DB shoulder presses (10/15 lb)400-m run- MASTERS 55+ -  For time:  12 wall walks  40 shoulder presses (35/55 lb)  800-meter run",648,"10:48","","","[{""secs"":48,""mins"":10}]","",SCALED,
03/11/2025,"LOTS OF MOVEMENTS","- RX - For time:2:00 plank hold400/500-m row30 V-ups30 pull-ups30 knees-to-elbows400/500-m row2:00 plank hold- INTERMEDIATE -For time:1:30 plank hold400/500-m row20 V-ups20 pull-ups20 knees-to-chest400/500-m row1:30 plank hold- BEGINNER -For time:1:00 plank hold from the knees200/250-m row20 sit-ups20 toe-assist pull ups20 hanging knee raises200/250-m row1:00 plank hold from the knees- MASTERS 55+ - For time:  2:00 plank hold  400/500-meter row  30 V-ups  30 pull-ups  30 knees-to-elbows  400/500-meter row  2:00 plank hold",1205,"20:05","","","[{""secs"":5,""mins"":20}]","",RX,
03/13/2025,"Skill Work","8 sets::20 hollow hold:10 rest",0,"🐦","Other / Text","","[{""other"":""🐦""}]","",RX,
03/13/2025,"JUMP & RUN","- RX -For time:15 box jumps (30/30 in)400-m run (1:45)20 box jumps (24/24 in)400-m run25 box jumps (20/20 in)400-m run- INTERMEDIATE -For time:15 box jumps (24/24 in)400-m run20 box jumps (24/24 in)400-m run25 box jumps (20/20 in)400-m run- BEGINNER -For time:10 box jumps (12/12 in)200-m run12 box jumps (8/8 in)200-m run15 box jumps (4/4 in)200-m run- Use 1-2 stacked 45-lb plates to preserve the jumping stimulus for those able to jump but not to the full box height.- MASTERS 55+ -For time:  15 box jumps (24/24 in)  400-meter run  20 box jumps (20/20 in)  400-meter run  25 box jumps (12/12 in)  400-meter run  - Jump or step up and step down.",461,"7:41","","","[{""secs"":41,""mins"":7}]","",RX,
03/15/2025,"Open 25.3","For time:5 wall walks50-calorie row5 wall walks25 deadlifts5 wall walks25 cleans5 wall walks25 snatches5 wall walks50-calorie rowTime cap: 20 minutes♀ 155-lb (70-kg) deadlift, 85-lb (38-kg) clean, 65-lb (29-kg) snatch♂ 225-lb (102-kg) deadlift, 135-lb (61-kg) clean, 95-lb (43-kg) snatchFor more details go to: https://games.crossfit.com/workouts/open/2025/3",1200,"20:00","","","[{""mins"":20}]","139",RX,PR
03/18/2025,"AMRAP 9","- RX -AMRAP 9:9 burpees to a target (12/12 in)10 alternating single-leg squats- INTERMEDIATE - AMRAP 9:9 burpees to a target (6/6 in)10 alternating single-leg squats to a target- BEGINNER - AMRAP 9:6 burpees8 alternating reverse lunges- MASTERS 55+ -  AMRAP 9:  9 burpees to a target (6/6 in)  10 alternating kettlebell goblet lunges (35/53 lb)",5.007,"5+7","Rounds + Reps","","[{""rnds"":5,""reps"":7}]","Heel hook squats",SCALED,
03/19/2025,"Push Press 1x3","Push Press for load: #1:  3 reps",165,"165","Load","Push Press","[{""success"":true,""load"":165}]","",RX,
03/19/2025,"C2B, PP, & DU","- RX -5-10-15-20-25 reps for time of:Chest-to-bar pull-upsSingle-DB push presses (35/50 lb)- Complete 30 double-unders after each round.- INTERMEDIATE - 5-10-15-15-15 reps for time of:Chest-to-bar pull-upsSingle-DB push presses (35/50 lb)- Complete 15 double-unders after each round.- BEGINNER - 3-6-9-12-15 reps for time of:Ring rowsSingle-DB push presses (15/20 lb)- Complete 15 single-unders after each round.- MASTERS 55+ -5-10-15-20-25 reps for time of:  Kipping pull-ups  Single-dumbbell push presses (20/35 lb)  - Complete 30 double-unders after each round.",734,"12:14","","","[{""secs"":14,""mins"":12}]","",RX,
03/21/2025,"ROW & LUNGE","- RX -5 rounds for time:16/20-cal row15 front-rack lunges (55/75 lb)- INTERMEDIATE - 5 rounds for time:12/15-cal row15 front-rack lunges (35/45 lb)- BEGINNER - 5 rounds for time:8/10-cal row10 unweighted lunges- Masters 55+ - 5 rounds for time:  16/20-calorie row  15 front-rack lunges (35/45 lb)",822,"13:42","","","[{""secs"":42,""mins"":13}]","",RX,
03/24/2025,"CLEAN SHOTS","- RX -10 rounds for time:3 power cleans (115/165 lb)15 wall-ball shots (14/20 lb) (9/10 ft)- INTERMEDIATE -10 rounds for time:3 power cleans (75/115 lb)12 wall-ball shots (10/14 lb) (9/10 ft)- BEGINNER -7 rounds for time:3 power cleans (45/65 lb)8 wall-ball shots (6/10 lb) (9/10 ft)- MASTERS 55+ -10 rounds for time:  3 power cleans (75/115 lb)  15 wall-ball shots (10/20 lb) (9/9 ft)",838,"13:58","","","[{""secs"":58,""mins"":13}]","8 rounds",SCALED,
03/25/2025,"HEAVY BENCH PRESS","- RX -For load:Bench press3-2-2-1-1-1- INTERMEDIATE -Same as Rxd- BEGINNER -For load:Bench press3-3-3-3-3-3",185,"185","Load","Bench Press","[{""success"":true,""load"":0},{""success"":true,""load"":0},{""success"":true,""load"":0},{""success"":true,""load"":0},{""success"":true,""load"":0},{""success"":true,""load"":185}]","",RX,
03/25/2025,"Skill Work","8 sets::10 L-sit holds:20 rest",0,"🐦","Other / Text","","[{""other"":""🐦""}]","",RX,
03/28/2025,"Deadlift 5x5","Deadlift for load: #1:  5 reps #2:  5 reps #3:  5 reps #4:  5 reps #5:  5 reps",250,"250","Load","Deadlift","[{""success"":true,""load"":250},{""success"":true,""load"":250},{""success"":true,""load"":250},{""success"":true,""load"":250},{""success"":true,""load"":250}]","",RX,
03/28/2025,"Snatch 5x3","Snatch for load: #1:  3 reps #2:  3 reps #3:  3 reps #4:  3 reps #5:  3 reps",100,"100","Load","Snatch","[{""success"":true,""load"":100},{""success"":true,""load"":100},{""success"":true,""load"":100},{""success"":true,""load"":100},{""success"":true,""load"":100}]","",RX,
03/31/2025,"Front Squat 5x5","Front Squat for load: #1:  5 reps #2:  5 reps #3:  5 reps #4:  5 reps #5:  5 reps",155,"155","Load","Front Squat","[{""success"":true,""load"":155},{""success"":true,""load"":155},{""success"":true,""load"":145},{""success"":true,""load"":145},{""success"":true,""load"":145}]","",RX,
03/31/2025,"Clean & Jerk 5x3","Clean & Jerk for load: #1:  3 reps #2:  3 reps #3:  3 reps #4:  3 reps #5:  3 reps",135,"135","Load","Clean & Jerk","[{""success"":true,""load"":135},{""success"":true,""load"":135},{""success"":true,""load"":135},{""success"":true,""load"":135},{""success"":true,""load"":135}]","",RX,
04/01/2025,"Skill Work","EMOM 8::15 triple-under practice",0,"5","Other / Text","","[{""other"":""5""}]","",RX,
04/01/2025,"MAX REP LUNGES!?","- RX -3 x 3:00 AMRAP15 KB swings (53/70lbs)30 double-undersThen...Max-reps walking lunges- Rest 1:00 between AMRAPs.- INTERMEDIATE -3 x 3:00 AMRAP15 KB swings (35/53 lb)15 double-undersThen...Max-reps walking lunges- Rest 1:00 between AMRAPs.- BEGINNER -3 x 3:00 AMRAP10 Russian KB swings (18/26 lb)30 single-undersThen...Max-reps walking lunges- Rest 1:00 between AMRAPs.",195,"195","Reps","","[{""reps"":195}]","53#",SCALED,
04/02/2025,"BEAR COMPLEX","For Load:• 1 Power Clean• 1 Front Squat• 1 Push Press• 1 Back Squat• 1 Push Press",165,"165","Load","","[{""success"":true,""load"":0},{""success"":true},{""success"":true},{""success"":true},{""success"":true,""load"":165}]","",RX,PR
04/03/2025,"Deadlift 5x5","Deadlift for load: #1:  5 reps #2:  5 reps #3:  5 reps #4:  5 reps #5:  5 reps",240,"240","Load","Deadlift","[{""success"":true,""load"":240},{""success"":true,""load"":240},{""success"":true,""load"":240},{""success"":true,""load"":240},{""success"":true,""load"":240}]","",RX,
04/03/2025,"Snatch 5x3","Snatch for load: #1:  3 reps #2:  3 reps #3:  3 reps #4:  3 reps #5:  3 reps",105,"105","Load","Snatch","[{""success"":true,""load"":105},{""success"":true,""load"":105},{""success"":true,""load"":105},{""success"":true,""load"":105},{""success"":true,""load"":105}]","",RX,
04/04/2025,"Split Jerk 1x1","Split Jerk for load: #1:  1 rep ",185,"185","Load","Split Jerk","[{""success"":true,""load"":185}]","",RX,PR
04/07/2025,"FUN RUN","Run:8 rounds105m8 round s208m6 rounds416m RunAfter, rest",1444,"24:04","","","[{""secs"":4,""mins"":24}]","With vest (20#)",SCALED,PR
04/08/2025,"Double Unders: 2 Minute Test","Maximum double-unders in 2 minutes.",98,"98","Reps","","[{""reps"":98}]","Right calf started to cramp bad with 30 seconds left",RX,
04/08/2025,"DIANE","21-15-9 reps for time of:• Deadlift 225/155#  • HSPU",625,"10:25","","","[{""secs"":25,""mins"":10}]","",RX,
04/14/2025,"LUNGE & CLEAN","- RX -AMRAP 10:20 alternating reverse lunges10 Power cleans (125/185 lb)",2.022,"2+22","Rounds + Reps","","[{""rnds"":2,""reps"":22}]","",RX,
04/15/2025,"PULL, PUSH, RUN","- RX -AMRAP 15:0015 Pull-ups25 hand-release push-ups400-meter run",3.04,"3+40","Rounds + Reps","","[{""rnds"":3,""reps"":40}]","",RX,
04/15/2025,"Skill Work","4 sets::20 flutter kicks:10 rest:20 alternating V-ups:10 rest",0,"🐦","Other / Text","","[{""other"":""🐦""}]","",RX,
04/19/2025,"Deadlift 5x5","Deadlift for load: #1:  5 reps #2:  5 reps #3:  5 reps #4:  5 reps #5:  5 reps",245,"245","Load","Deadlift","[{""load"":245,""success"":true},{""load"":245,""success"":true},{""load"":245,""success"":true},{""load"":245,""success"":true},{""load"":245,""success"":true}]","",RX,
04/19/2025,"Snatch 5x3","Snatch for load: #1:  3 reps #2:  3 reps #3:  3 reps #4:  3 reps #5:  3 reps",105,"105","Load","Snatch","[{""load"":105,""success"":true},{""load"":105,""success"":true},{""load"":105,""success"":true},{""load"":105,""success"":true},{""load"":105,""success"":true}]","",RX,
04/21/2025,"2K ROW","- RX -For time:2,000-m row- INTERMEDIATE -Same as Rxd- BEGINNER -For time:1,600-m row",468.8,"7:48.8","","","[{""secs"":48.79999923706055,""mins"":7}]","",RX,
04/21/2025,"Skill Work","2 sets:1:00 plank hold50 Russian twists",0,"🐦","Other / Text","","[{""other"":""🐦""}]","",RX,
04/22/2025,"CORE CONTROL","- RX -For time:100 AbMat sit-ups50 overhead squats (105/155 lb)- INTERMEDIATE -For time:100 AbMat sit-ups50 overhead squats (75/115 lb)- BEGINNER -For time:50 AbMat sit-ups25 overhead squats (35/45 lb)- MASTERS 55+ -For time:  100 AbMat sit-ups  50 overhead squats (75/115 lb)",701,"11:41","","","[{""secs"":41,""mins"":11}]","95#",RX,
04/22/2025,"Skill Work","EMOM 10:Build to a heavy complex:1 snatch grip deadlift1 snatch pull1 snatch1 overhead squat",125,"125","Load","","[{""load"":125,""success"":true}]","",RX,
04/24/2025,"PULL, SWING, RUN","- RX -For time:25 strict pull-ups50 Russian KB swings (53/70 lb)800-meter run (5:00)- INTERMEDIATE -For time:15 strict pull-ups50 Russian KB swings (35/53 lb)800-meter run- BEGINNER -For time:25 ring rows25 Russian KB swings (18/26 lb)400-meter run",452,"7:32","","","[{""secs"":32,""mins"":7}]","",RX,
04/24/2025,"Skill work","Post-workout8 sets::20 hollow rocks:10 rest",8,"8","Reps","","[{""reps"":8}]","",RX,
04/28/2025,"NANCY","- RX -5 rounds for time:400-m run15 overhead squats (65/95 lb)- INTERMEDIATE -5 rounds for time:400-m run15 overhead squats (55/75 lb)- BEGINNER -5 rounds for time:200-m run10 overhead squats (35/45 lb)",877,"14:37","","","[{""secs"":37,""mins"":14}]","75#Fake 400m",SCALED,
04/29/2025,"Skill Work","200-m single-arm KB front-rack carry- Switch arms as needed.",0,"53#","Other / Text","","[{""other"":""53#""}]","",RX,
04/29/2025,"DEADWALKS","- RX -For time: 21-18-15-12-9-6-3 Deadlifts (85/115 lb)- Complete 2 wall walks after each set.- INTERMEDIATE -For time: 21-18-15-12-9-6-3Deadlifts (65/95 lb)- Complete 2 wall walks after each set.- BEGINNER -For time: 14-12-10-8-6-4-2Deadlifts (55/75 lb)- Complete 6 alternating plank hold shoulder taps after each set.**Masters 55+ option:**  For time:  21-18-15-12-9-6-3  Deadlifts (65/95 lb  - Complete 2 wall walks after each set.",308,"5:08","","","[{""secs"":8,""mins"":5}]","",RX,
04/30/2025,"Skill work","Accumulate:30-50 GHD hip extensions or good mornings",0,"50","Other / Text","","[{""other"":""50""}]","Good mornings with barbell",RX,
04/30/2025,"RUN, SIT, AND MACHINE","- RX -For time:200-m run (1:00)40 sit-ups32/40-cal row, bike, or ski400-m run (2:15)30 sit-ups24/30-cal row, bike, or ski800-m run (4:30)20 sit-ups16/20-cal row, bike, or ski- INTERMEDIATE -Same as Rxd- BEGINNER -For time:200-m run20 sit-ups16/20-cal row, bike, or ski300-m run15 sit-ups12/15-cal row, bike, or ski400-m run10 sit-ups8/10-cal row, bike, or ski",1034,"17:14","","","[{""secs"":14,""mins"":17}]","Bike",RX,
05/05/2025,"GUADALUPE","- RX - Five 3-minute AMRAPs3 Power Cleans (135/95 lb)6 Push-Ups9 Knees-to-Elbows1 minute Rest between AMRAPS",13,"13","Rounds + Reps","","[{""rnds"":13,""reps"":0}]","",RX,
05/09/2025,"BIKE & LIFT PART 1","On a 16:00 clock:0:00-10:00:Min 1: bike for caloriesMin 2: rest10:00-16:00 (see part 2)",88,"88","Calories","","[{""calories"":88}]","",RX,
05/09/2025,"BIKE & LIFT PART 2","On a 16:00 clock:0:00-10:00 (see part 1)10:00-16:00:3 shoulder-to-overheads for load",135,"135","Load","","[{""load"":135,""success"":true}]","",RX,
05/12/2025,"HOP, PRESS, SQUAT","- RX - 3 rounds for reps of:1:00 double-unders1:00 push presses (55/75 lb)1:00 air squats- No rest between movements.- INTERMEDIATE -Same as Rxd- BEGINNER -3 rounds for reps of:1:00 single-unders1:00 push presses (15/15 lb)1:00 air squats- No rest between movements.**Masters 55+ option:**  3 rounds for reps of:  1:00 double-unders  1:00 push presses (35/45 lb)  1:00 air squats  - No rest between movements.",359,"359","Reps","","[{""reps"":359}]","",RX,
05/13/2025,"PULL POWER","- RX - 5 rounds for time of:15/18-cal row12 deadlifts (105/155 lb)9 hang power cleans- INTERMEDIATE -5 rounds for time of:12/15-cal row9 deadlifts (75/115 lb)6 hang power cleans- BEGINNER -5 rounds for time of:10/12-cal row8 deadlifts (35/45 lb)6 hang power cleans**Masters 55+ option:**  5 rounds for time of:  15/18-calorie row  12 deadlifts (75/115 lb)  9 hang power cleans",955,"15:55","","","[{""secs"":55,""mins"":15}]","115#",SCALED,
05/13/2025,"FISH GAME","How good are you at fishing?",360,"360","Points","","[{""points"":360}]","",SCALED,
05/14/2025,"BOOTY WORK","- RX - Every 1:30 for 12 sets:3 back squats- INTERMEDIATE -Same as Rxd- BEGINNER -Same as Rxd",195,"195","Load","Back Squat","[{""load"":135,""success"":true},{""load"":135,""success"":true},{""load"":155,""success"":true},{""load"":165,""success"":true},{""load"":165,""success"":true},{""load"":175,""success"":true},{""load"":175,""success"":true},{""load"":175,""success"":true},{""load"":185,""success"":true},{""load"":185,""success"":true},{""load"":195,""success"":true},{""load"":205,""success"":false}]","",RX,
05/19/2025,"Skill Work","Accumulate:3:00 plank hold",0,"🐥","Other / Text","","[{""other"":""🐥""}]","",RX,
05/19/2025,"FRAN","- RX - For time:21-15-9Thrusters (65/95 lb)Pull-ups- INTERMEDIATE - For time:15-12-9Thrusters (65/95 lb)Pull-ups- BEGINNER - For time:15-12-9Thrusters (35/45 lb)Ring rows",457,"7:37","","","[{""secs"":37,""mins"":7}]","75#",SCALED,
05/20/2025,"SQUATS","- RX - Every 3 minutes for 30:002 front squats- Build across sets- INTERMEDIATE - Same as Rxd- BEGINNER - Same as Rxd",185,"185","Load","Front Squat","[{""success"":true,""load"":95},{""load"":125,""success"":true},{""load"":135,""success"":true},{""load"":135,""success"":true},{""load"":145,""success"":true},{""load"":155,""success"":true},{""load"":165,""success"":true},{""load"":175,""success"":true},{""load"":185,""success"":true}]","",RX,
05/21/2025,"Skill Work","5 sets, building in load:Snatch pull + power snatch + hang power snatch",125,"125","Load","","[{""load"":125,""success"":true}]","",RX,
05/21/2025,"BAR FIGHT","- RX - For time:10-9-8-7-6-5-4-3-2-1Bar-facing burpeesHang power snatches (75/115 lb)- INTERMEDIATE - For time:9-8-7-6-5-4-3-2-1Bar-facing burpeesHang power snatches (55/75 lb)- BEGINNER - For time:8-7-6-5-4-3-2-1BurpeesHang power snatches (35/45 lb)**Masters 55+ option:**  For time:  10-9-8-7-6-5-4-3-2-1  Bar-facing burpees  Hang power snatches (55/75 lb)",732,"12:12","","","[{""secs"":12,""mins"":12}]","95#",SCALED,
05/23/2025,"SHOT CLOCK","- RX - Every 2:00 for 8 rounds:15 wall-ball shots (14/20 lb) (9/10 ft)Max-cal row- Rest 2:00 between rounds.- INTERMEDIATE - Every 2:00 for 8 rounds:12 wall-ball shots (14/20 lb) (9/10 ft)Max-cal row- Rest 2:00 between rounds.- BEGINNER - Every 2:00 for 6-8 rounds:6 wall-ball shots (10/14 lb) (9/10 ft)Max-cal row- Rest 2:00 between rounds.**Masters 55+ option:**  Every 2:00 for 8 rounds:  15 wall-ball shots (10/20 lb) (9/9 ft)  Max-calorie row  - Rest 2:00 between rounds.",170,"170","Calories","","[{""calories"":170}]","",RX,
05/24/2025,"BIKE, CLIMB, JUMP","- RX - AMRAP 16: with partner50-cal bike6 rope climbs (15/15 ft)30 box jumps (20/24 in)- Step down from the box.",2,"2","Rounds + Reps","","[{""rnds"":2,""reps"":0}]","Partnered with Steve",RX,
05/26/2025,"MURPH","Partition the pull-ups, push-ups, and squats as needed. Start and finish with a mile run. If youve got a twenty pound vest or body armor, wear it.• 1 mile Run• 100 Pull-ups• 200 Push-ups• 300 Squats• 1 mile Run",3508,"58:28","","","[{""secs"":28,""mins"":58}]","",RX,
05/27/2025,"RECOVERY ROW/BIKE","- RX - 5 rounds for time:500-m row0.3 mile Bike- Rest 3:00 between rounds.- INTERMEDIATE -Same as Rxd",1535,"25:35","","","[{""secs"":35,""mins"":25}]","",RX,
05/28/2025,"Skill Work","EMOM 10:1 deadlift + 1 power clean",185,"185","Load","","[{""load"":185,""success"":true}]","",RX,
05/28/2025,"LEAD LEGS","- RX -For time:22-16-10Deadlifts (135/205 lb)Double-dumbbell box step-ups (20/20 in) (35/50 lb)Rest 1:009-6-3Power cleans (135/205 lb)Double-dumbbell box step-overs (20/20 in) (35/50 lb) - INTERMEDIATE -For time:22-16-10Deadlifts (95/135 lb)Double-dumbbell box step-ups (12/12 in) (35/50 lb)Rest 1:009-6-3Power cleans and then (95/135 lb)Double-dumbbell box step-overs (12/12 in) (35/50 lb)- BEGINNER -For time:18-12-6Deadlifts (35/45 lb)Single-DB box step-ups (12/12 in) (10/15 lb)Rest 1:009-6-3Power cleans (35/45 lb)Single-DB box step-overs (12/12 in) (10/15 lb)**Masters 55+ option:**  For time:  22-16-10  Deadlifts (105/155 lb)  Dumbbell box step-ups (12/12 in) (20/35 lb)    Rest 1:00    9-6-3  Power cleans (135/205 lb)  Dumbbell box step-overs (12/12 in) (20/35 lb)",949,"15:49","","","[{""secs"":49,""mins"":15}]","155#35#",SCALED,
05/30/2025,"SWING HIGH, PRESS HIGHER","- RX -3 rounds for time:30 Russian KB swings (35/53 lb)15 handstand push-ups- INTERMEDIATE -3 rounds for time:25 Russian KB swings (35/53 lb)10 handstand push-ups- BEGINNER -3 rounds for time:20 Russian KB swings (18/26 lb)10 push-ups from the knees**Masters 55+ option:**  3 rounds for time:  30 Russian kettlebell swings (26/35 lb)  10 handstand push-ups to a 2-in riser",765,"12:45","","","[{""secs"":45,""mins"":12}]","",RX,
06/03/2025,"HANG TOUGH","- RX - 21-18-15-12-9 reps for time of:Knees-to-elbowsFront squats (75/115 lb)- INTERMEDIATE -18-15-12-9-6 reps for time of:Knees-to-elbowsFront squats (65/95 lb)- BEGINNER -15-12-9-6-3 reps for time of:Hanging knee raisesFront squats (35/45 lb)**Masters 55+ option:**  21-18-15-12-9 reps for time of:  Knees-to-elbows  Front squats (55/75 lb)",940,"15:40","","","[{""secs"":40,""mins"":15}]","95#",SCALED,
06/03/2025,"Skill Work","Accumulate:2:00 ring support hold",0,"🐥","Other / Text","","[{""other"":""🐥""}]","",RX,
06/04/2025,"OVERHEAD BAGGAGE","- RX - AMRAP 12:100-m single-DB suitcase carry (50/70 lb)7 single-DB push jerks, right arm7 single-DB push jerks, left arm- INTERMEDIATE -AMRAP 12:100-m single-DB suitcase carry (35/50 lb)7 single-DB push jerks, right arm7 single-DB push jerks, left arm- BEGINNER -AMRAP 12:100-m single-DB suitcase carry (15/20 lb)7 single-DB push jerks, right arm7 single-DB push jerks, left arm**Masters 55+ option:**  AMRAP 12:  100-meter single-dumbbell suitcase carry (35/50lb)  7 single-dumbbell push jerks, right arm  7 single-dumbbell push jerks, left arm",3.003,"3+3","Rounds + Reps","","[{""rnds"":3,""reps"":3}]","",RX,
06/04/2025,"Skill Work","Accumulate:2:00 side plank, right2:00 side plank, left",0,"🫘","Other / Text","","[{""other"":""🫘""}]","",RX,
06/06/2025,"SNATCH CYCLE","- RX - For calories:30:00 bike, row, or ski- Perform 2 power snatches every 20 calories.- INTERMEDIATE -Same as Rxd- BEGINNER - For calories:30:00 bike, row, or ski- Perform 2 power snatches every 20 calories.- Rest 1:00 after each set of 2 snatches.",260,"260","Calories","","[{""calories"":260}]","9 row4 bike115#",RX,
06/07/2025,"DB FUN","- RX - 3 rounds for time: 20 single-DB Front rack reverse lunges (35/50 lb)20 burpees200-m farmers carry- INTERMEDIATE - 3 rounds for time: 20 single-DB front rack reverse lunges (20/35 lb)20 burpees200-m farmers carry- BEGINNER - 3 rounds for time: 12 single-DB front rack reverse lunges (10/15 lb)12 burpees100-m farmers carry",1184,"19:44","","","[{""secs"":44,""mins"":19}]","",RX,
06/10/2025,"COMMUNITY CUP WORKOUT 2","- RX -Complete as many reps as possible following the interval of:2 minutes of work, 1-minute rest2 minutes of work, 1-minute rest2 minutes of work, 1-minute rest3 minutes of workRounds 1 and 215 toes-to-bars15 overhead squats (65/95 lb)Max-calorie rowRounds 3 and 415-calorie row15 overhead squatsMax chest-to-bar pull-upsYour score is the total number of reps completed.- INTERMEDIATE -Complete as many reps as possible following the interval of:2 minutes of work, 1-minute rest2 minutes of work, 1-minute rest2 minutes of work, 1-minute rest3 minutes of workRounds 1 and 210 toes-to-bars10 overhead squats (55/75 lb)Max-calorie rowRounds 3 and 410-calorie row10 overhead squatsMax pull-upsYour score is the total number of reps completed.- BEGINNER -Complete as many reps as possible following the interval of:2 minutes of work, 1-minute rest2 minutes of work, 1-minute rest2 minutes of work, 1-minute rest3 minutes of workRounds 1 and 210 sit-ups10 overhead squats (35/45 lb)Max-calorie rowRounds 3 and 410-calorie row10 overhead squatsMax ring rows (angled)Your score is the total number of reps completed.",57,"57","Reps","","[{""reps"":57}]","",SCALED,
06/13/2025,"BURPEE SHOTS","- RX -EMOM 15:8 burpees8 wall-ball shots (14/20 lb) (9/10 ft)- INTERMEDIATE - EMOM 15:6 burpees6 wall-ball shots (10/14 lb) (9/10 ft)- BEGINNER - EMOM 15:3 burpees3 wall-ball shots (6/10 lb) (9/10 ft)",0,"🐥","Other / Text","","[{""other"":""🐥""}]","12 rounds",SCALED,
06/16/2025,"Skill Work","8 sets::20 air squats:10 rest",80,"80","Reps","","[{""reps"":80}]","",RX,
06/16/2025,"RUNNING INTERVALS","- RX - Every 5:00 for 5 rounds:400-meter run (2:30)- INTERMEDIATE - Same as Rxd- BEGINNER - Every 5:00 for 5 rounds:200-meter run",70,"1:10","","","[{""secs"":10,""mins"":1},{""secs"":15,""mins"":1},{""secs"":17,""mins"":1},{""secs"":15,""mins"":1},{""secs"":15,""mins"":1}]","",RX,PR
06/23/2025,"Skill Work","EMOM 8:1 squat snatch",125,"125","Load","Snatch","[{""load"":65,""success"":true},{""load"":75,""success"":true},{""load"":95,""success"":true},{""load"":95,""success"":true},{""load"":95,""success"":true},{""load"":105,""success"":true},{""load"":115,""success"":true},{""load"":125,""success"":true}]","",RX,
06/23/2025,"BURPEES & SNATCHES","- RX -For time:15-12-9-6-3Lateral burpees over the bar5-4-3-2-1Squat snatches (125/185 lb)- INTERMEDIATE -For time:15-12-9-6-3Lateral burpees over the bar5-4-3-2-1Squat snatches (95/135 lb)- BEGINNER -For time:10-8-6-4-2Lateral burpees over the bar5-4-3-2-1Hang power snatches (35/45 lb)",656,"10:56","","","[{""secs"":56,""mins"":10}]","115#",SCALED,
06/25/2025,"KELLY","- RX -5 rounds for time of:400-m run30 box jumps (20/24 in)30 wall-ball shots (14/20 lb) (9/10 ft)- Step down from the box.- INTERMEDIATE -5 rounds for time:300-m run20 box jumps (20/24 in) 20 wall-ball shots (14/20 lb) (9/10 ft)- Step down from the box.- BEGINNER -5 rounds for time:200-m run10 box jumps or step-ups (12/20 in) 10 wall-ball shots (6/10 lb) (9/9 ft) - Step down from the box.",2045,"34:05","","","[{""secs"":5,""mins"":34}]","",RX,PR
06/26/2025,"BENCH PRESS & PULL","- RX -Every 5:00 for 5 sets:10 bench pressesMax-unbroken chest-to-bar pull-ups- Rest the remainder of each interval.- INTERMEDIATE -Every 5:00 for 5 sets:10 bench pressesMax-unbroken kipping pull-ups- Rest the remainder of each interval.- BEGINNER -Every 5:00 for 5 sets:10 bench presses5-10 strict banded pull-ups- Rest the remainder of each interval.",20,"20","Reps","","[{""reps"":20}]","125#Strict chest to bars",RX,
06/26/2025,"Bench Press 1x10","Bench Press for load: #1: 10 reps",125,"125","Load","Bench Press","[{""load"":125,""success"":true}]","",RX,
06/27/2025,"ROWING DAY","- RX -Every 3:00 for 10 sets:250-m row- Rest the remainder of each interval.- Score is slowest interval- INTERMEDIATE -Same as Rxd- BEGINNER -Every 3:00 for 10 sets:150-m row- Rest the remainder of each interval.",52.7,"0:52.7","","","[{""secs"":52.70000076293945,""mins"":0}]","",RX,
06/30/2025,"ROW & TOE","- RX - For time:20/25-16/20-12/15-8/10-4/5Calorie row20-16-12-8-4Toes-to-bars - INTERMEDIATE -For time:20/25-16/20-12/15-8/10-4/5Calorie row10-8-6-4-2 Toes-to-bars- BEGINNER -For time:15-12-9-6-3 Calorie row10-8-6-4-2 Hanging knee raises",577,"9:37","","","[{""secs"":37,""mins"":9}]","",RX,
06/30/2025,"Skill Work","Post-workout4 sets:Front-rack carry (100 ft)- Rest 1:00 between sets.",35,"35","Load","","[{""load"":35,""success"":true}]","",RX,
07/01/2025,"ALL SQUATS","- RX - 2 rounds for time: 200-m run 15 back squats (95/135 lb)200-m run 12 front squats (95/135 lb)200-m run9 overhead squats (95/135 lb)- INTERMEDIATE - 2 rounds for time: 200-m run 15 back squats (65/95 lb)200-m run 12 front squats (65/95 lb)200-m run9 overhead squats (65/95 lb)- BEGINNER -2 rounds for time: 100-m run 9 back squats (35/45 lb)100-m run 6 front squats (35/45 lb)100-m run3 overhead squats (35/45 lb)",866,"14:26","","","[{""secs"":26,""mins"":14}]","95#",SCALED,
07/02/2025,"PUSH IT JERK","- RX - Every 5:00 for 7 sets:3 push presses 2 push jerks 1 split jerk - Build in load each set.- INTERMEDIATE -Same as Rxd- BEGINNER -Every 5:00 for 7 sets:3 strict presses 2 push presses 1 push jerk - Build in load each set.",155,"155","Load","","[{""load"":155,""success"":true}]","",RX,
07/04/2025,"PARTNER 1776","4 Rounds for Time300 meter Run24 Toes-to-Bars24 Box Jumps (24/20 in)24 Goblet Squats (53/35 lb)24 Hand Release Push-Ups24 calorie Bike/Row (alternate each round)24 Jumping Jacks",1400,"23:20","","","[{""secs"":20,""mins"":23}]","Ronnie",RX,
07/07/2025,"DT","Five rounds of:•155/105 pound Deadlift, 12 reps•155/105 pound Hang power clean, 9 reps•155/105 pound Push jerk, 6 reps- 7:00 JUST MOVE - 12 Deadlifts9 Hang power cleans6 Push Jerks",592,"9:52","","","[{""secs"":52,""mins"":9}]","115#",SCALED,PR
07/08/2025,"2RM FRONT RACK LUNGES","For load:Front Rack Reverse Lunges2-2-2-2-2",145,"145","Load","Front Rack Lunges","[{""load"":115,""success"":true},{""load"":125,""success"":true},{""load"":135,""success"":true},{""load"":145,""success"":true},{""load"":155,""success"":false}]","",RX,PR
07/09/2025,"DORK","6 rounds for time of:•60 double-unders•30 kettlebell swings (53/70)•15 burpees",1403,"23:23","","","[{""secs"":23,""mins"":23}]","44# (too light)5 rounds",SCALED,PR
07/14/2025,"PULL, LUNGE, SIT","- RX -AMRAP 20:0020 Pull Ups20 walking lunges20 Sit Ups- INTERMEDIATE -AMRAP 20:0010 Pull Ups16 walking lunges16 Sit Ups- BEGINNER -AMRAP 15:0010 Ring Rows10 reverse lunges10 Sit ups",6.01,"6+10","Rounds + Reps","","[{""rnds"":6,""reps"":10}]","",RX,
07/15/2025,"HEAVY SHOULDER PRESS","- RX -For load:Shoulder press2-2-2-2-2- INTERMEDIATE - Same as Rxd- BEGINNER - Same as Rxd",115,"115","Load","Shoulder Press","[{""load"":45,""success"":true},{""load"":45,""success"":true},{""load"":75,""success"":true},{""load"":95,""success"":true},{""load"":115,""success"":true}]","",RX,
07/16/2025,"BOX CLEANS","- RX -AMRAP 10:005 box jumps (24/30 in)3 power cleans (125/185 lb)- INTERMEDIATE -AMRAP 10:005 box jumps (20/24 in)3 power cleans (95/135 lb)- BEGINNER -AMRAP 10:005 tuck jumps3 power cleans (55/75 lb)",8.003,"8+3","Rounds + Reps","","[{""rnds"":8,""reps"":3}]","145#",SCALED,
07/18/2025,"Skill Work","Pre-workoutEvery 2:00 for 5 sets:5 deadlifts",275,"275","Load","Deadlift","[{""load"":135,""success"":true},{""load"":185,""success"":true},{""load"":225,""success"":true},{""load"":245,""success"":true},{""load"":275,""success"":true}]","",RX,
07/18/2025,"DOUBLE DEADLIFT RUN","- RX -3 rounds for time of:50 double-unders12 deadlifts (155/225 lb)Right into...800-m run- INTERMEDIATE -3 rounds for time of:30 double-unders12 deadlifts (125/185 lb)directly into...800-m run- BEGINNER -3 rounds for time of:30 single-unders10 deadlifts (55/75 lb)directly into...400-m run",573,"9:33","","","[{""secs"":33,""mins"":9}]","",RX,
07/20/2025,"Clean & Jerk 1x2","Clean & Jerk for load: #1:  2 reps",155,"155","Load","Clean & Jerk","[{""load"":155,""success"":true}]","",RX,
07/28/2025,"RUNNING STEP SNATCHES","- RX -10 rounds for time:3 hang power snatches (95/135 lb)30 running step single-unders- INTERMEDIATE -10 rounds for time:3 hang power snatches (65/95 lb)20 running step single-unders- BEGINNER -7 rounds for time:3 hang power snatches (45/65 lb)15 running step single-unders**Masters 55+ option:**  10 rounds for time:  3 hang power snatches (65/95 lb)  30 running step single-unders",411,"6:51","","","[{""secs"":51,""mins"":6}]","Single arm dumbbell hang power snatch 50#",SCALED,
07/28/2025,"Skill Work","EMOM 5:5 hang power snatches- Practice cycling at a light load.",70,"70","Load","","[{""load"":70,""success"":true}]","Single arm dumbbell hang power snatch",SCALED,
07/30/2025,"ROW, SIT, & JUMP","- RX -For time:500-400-300-200-100Meter row50-40-30-20-10AbMat sit-upsDouble-unders- INTERMEDIATE - For time:400-300-200-100Meter row40-30-20-10AbMat sit-upsDouble-unders- BEGINNER - For time:300-200-100Meter row30-20-10Feet-anchored sit-upsSingle-unders",1222,"20:22","","","[{""secs"":22,""mins"":20}]","",RX,
07/31/2025,"ELIZABETH","- RX -21-15-9 reps for time:Cleans (95/135 lb)Ring dips- INTERMEDIATE - 21-15-9 reps for time:Cleans (65/95 lb)Jumping ring dips- BEGINNER - 15-12-9 reps for time:Cleans (35/45 lb)Foot-assisted ring dips**Masters 55+ option:**  21-15-9 reps for time:  Cleans (65/135 lb)  Ring dips",702,"11:42","","","[{""secs"":42,""mins"":11}]","",RX,PR
08/04/2025,"Skill Work","4 sets::20 hollow rocks:10 rest",0,"🫘","Other / Text","","[{""other"":""🫘""}]","",RX,
08/04/2025,"DIANE","-RX-For time:21-15-9Deadlifts (155/225 lb)Handstand push-ups- INTERMEDIATE -For time:21-15-9Deadlifts (125/185 lb)12-9-6Handstand push-ups- BEGINNER -For time:15-12-9Deadlifts (55/75 lb)Dumbbell shoulder press (15/20 lb)",653,"10:53","","","[{""secs"":53,""mins"":10}]","",RX,
08/05/2025,"THE RACKENING","-RX-AMRAP 10:10 alternating front-rack lunges (95/135 lb)10 bar-facing burpees10 chest-to-bar pull-ups- INTERMEDIATE - AMRAP 10:10 alternating front-rack lunges (65/95 lb)10 bar-facing burpees10 chin-over-bar pull-ups""- BEGINNER - AMRAP 10:10 alternating front-rack lunges (35/45 lb)10 bar-facing burpees10 ring rows",3.014,"3+14","Rounds + Reps","","[{""rnds"":3,""reps"":14}]","95#",SCALED,
08/05/2025,"Skill Work","Every 2:00 for 5 sets:1 power clean1 front rack lunge, right leg1 front rack lunge, left leg",0,"135","Other / Text","","[{""other"":""135""}]","",RX,
08/11/2025,"HEAVY 1RM CLEAN","For Load:CleanBuild to heavy 1 rep max clean",185,"185","Load","Clean","[{""success"":true,""load"":145},{""success"":true,""load"":155},{""success"":true,""load"":165},{""load"":175,""success"":true},{""load"":185,""success"":true}]","185 power, 165 squat",RX,
08/12/2025,"FISH GAME","How good are you at fishing?",555,"555","Points","","[{""points"":555}]","",RX,PR
08/12/2025,"BMU DESCENT","- RX -7-6-5-4-3-2-1 reps for time of:Bar muscle-ups- Row 150 m after each round.- INTERMEDIATE -7-6-5-4-3-2-1 reps for time of:Jumping bar muscle-ups- Row 150 m after each round.- BEGINNER -7-6-5-4-3-2-1 reps for time of:Foot-assisted pull-upsFoot-assisted dips- Row 150 m after each round.- MASTERS 55+ -10-9-8-7-6-5-4 reps for time of:  Chest-to-bar pull-ups  - Row 150 meters after each round.",477,"7:57","","","[{""secs"":57,""mins"":7}]","",RX,
08/13/2025,"WALL BALLS & MORE","- RX -AMRAP 12:2 wall-ball shots (9/10 ft) (14/20 lb)2 box jump-overs (20/24 in)2 burpees- After every round add 2 reps to each movement.- INTERMEDIATE -AMRAP 12:2 wall-ball shots (9/10 ft) (10/14 lb)2 box jump-overs (20/24 in)2 burpees- After every round add 2 reps to each movement.- BEGINNER -AMRAP 12:2 wall-ball shots (9/9 ft) (6/10 lb)2 box jump-overs (12/12 in)2 burpees- After every round add 2 reps to each movement.",7.015,"7+15","Rounds + Reps","","[{""rnds"":7,""reps"":15}]","",RX,
08/15/2025,"HEAVY & FAST","- RX -9-7-5 reps for time of:Deadlifts (125/185 lb)Hang power cleansFront squats- INTERMEDIATE -9-7-5 reps for time of:Deadlifts (95/135 lb)Hang power cleansFront squats- BEGINNER -9-7-5 reps for time of:Deadlifts (55/75 lb)Hang power cleansFront squats",233,"3:53","","","[{""secs"":53,""mins"":3}]","115#",SCALED,
08/16/2025,"Push Jerk 1x2","Push Jerk for load: #1:  2 reps",175,"175","Load","Push Jerk","[{""load"":175,""success"":true}]","",RX,PR
08/18/2025,"1RM DEADLIFT","- RX -For load:Deadlift5-3-3-1-1-1-1- Build to a 1-rep max.- INTERMEDIATE - Same as RX- BEGINNER -For load:Deadlift5-3-3-1-1-1-1- Build to a heavy single rather than a 1-rep max.",345,"345","Load","Deadlift","[{""load"":135,""success"":true},{""load"":185,""success"":true},{""load"":225,""success"":true},{""load"":275,""success"":true},{""load"":315,""success"":true},{""load"":335,""success"":true},{""load"":345,""success"":true}]","",RX,
08/19/2025,"KB SNATCHES!?","- RX -5 rounds for time of:12 single-arm KB snatches (35/53 lb)15 hand-release push-ups30 air squats- INTERMEDIATE - 5 rounds for time of:12 single-arm KB snatches (18/26 lb)9 hand-release push-ups30 air squats- BEGINNER -5 rounds for time of:12 single-arm Russian KB swings (12/18 lb)9 hand-release push-ups from the knees10-20 air squats",600,"10:00","","","[{""mins"":10}]","50# DB",SCALED,
08/25/2025,"PULL RUN & REPEAT","- RX -25-20-15-10-5 reps for time:Chest-to-bar pull-ups- 10 shuttle runs between rounds. - 1 shuttle run is 25 ft down and back.- INTERMEDIATE -25-20-15-10-5 reps for time:Pull-ups- 8 shuttle runs between rounds. - 1 shuttle run is 25 ft down and back.- BEGINNER -20-15-10-5 reps for time:Jumping pull-ups- 6 shuttle runs between rounds. - 1 shuttle run is 25 ft down and back.",607,"10:07","","","[{""secs"":7,""mins"":10}]","",RX,
08/25/2025,"Skill Work","8 sets::20 hollow rocks:10 rest",0,"🫘","Other / Text","","[{""other"":""🫘""}]","",RX,
08/26/2025,"LINDA","- RX - 10-9-8-7-6-5-4-3-2-1 reps for time:1.5 x bodyweight deadlift1 x bodyweight bench press.75 x bodyweight squat clean- INTERMEDIATE - 10-9-8-7-6-5-4-3-2-1 reps for time:1.25 x bodyweight deadlift.75 x bodyweight bench press.5 x bodyweight squat clean- BEGINNER - 8-7-6-5-4-3-2-1 reps for time:Deadlift (65/95 lb)Bench press (55/75 lb)Squat clean (35/45 lb)",1800,"30:00","","","[{""mins"":30}]","DNF — started round of 3, finished deadlifts225# DL135# BP120# SC",SCALED,PR
08/28/2025,"SKYFALL","- RX - 5 rounds:AMRAP 2:20 wall-ball shots (20/30 lb) (9/10 ft)Max ring muscle-ups- Rest 2:00 between rounds. - INTERMEDIATE - 5 rounds:AMRAP 2:20 wall-ball shots (14/20 lb) (9/10 ft)Max jumping ring muscle-up transitions- Rest 2:00 between rounds. - BEGINNER - 5 rounds:AMRAP 2:20 wall-ball shots (10/12 lb) (9/9 ft)Max foot-assisted ring dips- Rest 2:00 between rounds.",10,"10","Reps","","[{""reps"":3},{""reps"":2},{""reps"":1},{""reps"":2},{""reps"":2}]","25#",SCALED,
09/08/2025,"PUSH, SIT, AND JUMP","- RX -AMRAP 15:10 push-ups20 AbMat sit-ups30 single-unders- INTERMEDIATE -AMRAP 15:8 push-ups15 AbMat sit-ups20 single-unders- BEGINNER -AMRAP 15:5 push-ups from the knees10 AbMat sit-ups15 single-unders- Rest 1:00 between rounds.",9.006,"9+6","Rounds + Reps","","[{""rnds"":9,""reps"":6}]","",RX,
09/09/2025,"ROW TO CLEAN","- RX -5 rounds for time:250/300-m row5 power cleans (125/185 lb)- INTERMEDIATE -5 rounds for time:200/250-m row5 power cleans (95/135 lb)- BEGINNER -5 rounds for time:150/200-m row5 power cleans (35/45 lb)",806,"13:26","","","[{""secs"":26,""mins"":13}]","165#",SCALED,
09/10/2025,"BIKE PULL","- RX - 6 x 2:00 Rounds2:00 Max Cal Bike2:00 Max Strict Pull UpsScore is total cal + pull ups",118,"118","Reps","","[{""reps"":118}]","",RX,
09/10/2025,"Skill Work","Post-workout3 sets::30 side plank, right:30 side plank, left- Rest 1:00 between sets.",0,"🍰","Other / Text","","[{""other"":""🍰""}]","",RX,
09/15/2025,"Skill Work","3 sets:10 good mornings- Build in load, but only as quality mechanics allow.",0,"🥖","Other / Text","","[{""other"":""🥖""}]","",RX,
09/15/2025,"JUMPING NANCY","- RX -For time: 15-12-9-6-3Box jumps (24/30 in)10-8-6-4-2Overhead squats (105/155 lb)- INTERMEDIATE - For time: 15-12-9-6-3Box jumps (20/24 in)10-8-6-4-2Overhead squats (75/115 lb)- BEGINNER - For time: 10-8-6-4-2Box jumps (12/18 in)10-8-6-4-2Overhead squat (35/45 lb)""",400,"6:40","","","[{""secs"":40,""mins"":6}]","95#",SCALED,
09/16/2025,"RUN SOME MORE","- RX -For time:400-m run30 toes-to-bars400-m run10 wall walks400-m run30 toes-to-bars400-m run- INTERMEDIATE -For time:400-m run30 knees-to-chests400-m run5 wall walks400-m run30 knees-to-chests400-m run- BEGINNER -For time:200-m run20 hanging knee raises200-m run5 inchworm + push-ups200-m run20 hanging knee raises200-m run",895,"14:55","","","[{""secs"":55,""mins"":14}]","",RX,
09/20/2025,"ROW, JUMP, DEAD","- RX -For time with a partner:80/100-cal row150 double-unders100 deadlifts (95/135 lb)150 double-unders80/100-cal row- INTERMEDIATE -For time with a partner:60/80-cal row80 double-unders100 deadlifts (65/95 lb)80 double-unders60/80-cal row- BEGINNER -For time with a partner:40/50-cal row80 single-unders50 deadlifts (35/45 lb)80 single-unders40/50-cal row",1254,"20:54","","","[{""secs"":54,""mins"":20}]","",RX,
09/22/2025,"NANCY","- RX -5 rounds for time:400-m run15 overhead squats (65/95 lb)- INTERMEDIATE -5 rounds for time:400-m run15 overhead squats (55/75 lb)- BEGINNER -5 rounds for time:200-m run10 overhead squats (35/45 lb)",956,"15:56","","","[{""secs"":56,""mins"":15}]","75#",SCALED,
09/23/2025,"TIRE SWING","- RX -For time: 60 KB swings (35/53 lb)25/30-cal bike60 KB swings- INTERMEDIATE -For time: 60 KB swings (26/35 lb)20/25-cal bike60 KB swings- BEGINNER -For time: 40 KB swings  (18/26 lb)15/20-cal bike40 KB swings""",650,"10:50","","","[{""secs"":50,""mins"":10}]","40 calorie ski",SCALED,
09/24/2025,"PULL & PUSH","- RX -10-9-8-7-6-5-4-3-2-1 reps for time of:Pull-upsHandstand push-ups- INTERMEDIATE -10-9-8-7-6-5-4-3-2-1 reps for time of:Pull-upsPiked push-ups- BEGINNER -8-7-6-5-4-3-2-1 reps for time of:Jumping pull-upsPush-ups from the knees",700,"11:40","","","[{""secs"":40,""mins"":11}]","",RX,
09/26/2025,"5 RM DEADLIFT","- RX - For load:Deadlift5-5-5-5-5- INTERMEDIATE -Same as Rxd- BEGINNER -Same as Rxd",305,"305","Load","Deadlift","[{""load"":225,""success"":true},{""load"":275,""success"":true},{""load"":285,""success"":true},{""load"":295,""success"":true},{""load"":305,""success"":true}]","",RX,PR
09/28/2025,"Overhead Squat 1x2","Overhead Squat for load: #1:  2 reps",135,"135","Load","Overhead Squat","[{""load"":135,""success"":true}]","",RX,PR
09/28/2025,"CF20250928","5 rounds for time:5 overhead squats (95#)10 toes to bar20 calorie bike",842,"14:02","","","[{""secs"":2,""mins"":14}]","",RX,
10/13/2025,"WALL WALKS & DEADLIFTS","- RX -AMRAP 8: 2 wall walks 2 deadlifts (205/315 lb)- INTERMEDIATE - AMRAP 8: 2 wall walks 2 deadlifts (125/185 lb)- BEGINNER -AMRAP 8: 2 inchworm + push-ups2 deadlifts (55/75 lb)",7,"7","Rounds + Reps","","[{""rnds"":7,""reps"":0}]","",RX,
10/14/2025,"CHIP AWAY","- RX -For time:150 double-unders125 air squats100 sit-ups75 pull-ups50 burpees",1493,"24:53","","","[{""secs"":53,""mins"":24}]","",RX,
10/16/2025,"SHUTTLE FUN","- RX - 5 rounds:AMRAP 2:10 shuttle runsMax knees-to-elbows- Rest 2:00 between rounds.- INTERMEDIATE -5 rounds:AMRAP 2:10 shuttle runsMax knees-to-armpits- Rest 2:00 between rounds.- BEGINNER -5 rounds:AMRAP 2:8 shuttle runsMax hanging leg raises- Rest 2:00 between rounds.",101,"101","Reps","","[{""reps"":28},{""reps"":23},{""reps"":18},{""reps"":15},{""reps"":17}]","",RX,
10/21/2025,"Click for your clue!","[Clue](https://www.youtube.com/shorts/6xOPqclbbAE)Guess based on sound!",0,"15:50","Other / Text","","[{""other"":""15:50""}]","",RX,
10/27/2025,"SWING & ROW","Stimulus = 10+ KB swings for every round- RX - 5 x 3:00 rounds:400/500-m rowMax KB swings (53/70 lb)- Rest 1:00 between rounds.- INTERMEDIATE - 5 x 3:00 rounds:400/500-m rowMax KB swings (35/53 lb)- Rest 1:00 between rounds.- BEGINNER - 5 x 3:00 rounds:250/300-m rowMax KB swings (18/26 lb)- Rest 1:00 between rounds.",56,"56","Reps","","[{""reps"":12},{""reps"":12},{""reps"":11},{""reps"":11},{""reps"":10}]","",RX,
10/27/2025,"Skill Work","3 sets:7 single-arm KB suitcase deadlifts, right7 single-arm KB suitcase deadlifts, left- Rest 1:00 between sets.",0,"✅","Other / Text","","[{""other"":""✅""}]","",RX,
10/29/2025,"CLEAN YOUR BIKE","Stimulus = 1 min of rest each round- RX - Every 2:00 for 10 rounds:1 power clean (95/135)2 hang power cleans8/10-cal bike- INTERMEDIATE -Every 2:00 for 10 rounds:1 power clean2 hang power cleans6/8-cal bike- BEGINNER - Every 2:00 for 10 rounds:1 power clean2 hang power cleans4/6-cal bike",135,"135","Load","","[{""load"":135,""success"":true}]","",RX,
11/03/2025,"SNATCH CYCLE","- RX -For load:Snatch10-8-6-4-2- Each set must be touch-and-go reps.- INTERMEDIATE -Same as Rxd- BEGINNER -Same as Rxd",125,"125","Load","Snatch","[{""load"":95,""success"":true},{""load"":95,""success"":true},{""load"":105,""success"":true},{""load"":115,""success"":true},{""load"":125,""success"":true}]","",RX,PR
11/03/2025,"Skill Work","5 sets:1 snatch-grip-deadlift1 snatch pull1 hang snatch1 below the knee snatch",0,"115","Other / Text","","[{""other"":""115""}]","",RX,
11/04/2025,"RUN, RUN, RUN","- RX -3 rounds for time:600-m runRest 1:00400-m runRest 1:00200-m runRest 1:00- Score is total time.- INTERMEDIATE -Same as Rxd- BEGINNER -3 rounds for time:300-m runRest 1:00200-m runRest 1:00100-m runRest 1:00- Score is total time.",1219,"20:19","","","[{""secs"":19,""mins"":20}]","",RX,
11/05/2025,"HANDSTAND WALKING & SQUATTING","- RX -For time:Handstand walk (50 ft)100 air squatsHandstand walk (50 ft)75 air squatsHandstand walk (50 ft)50 air squatsHandstand walk (50 ft)25 air squats- INTERMEDIATE -For time:20 shoulder taps against the wall80 air squats20 shoulder taps against the wall60 air squats20 shoulder taps against the wall40 air squats20 shoulder taps against the wall20 air squats- BEGINNER -4 rounds for time:5 inchworms20 air squats",960,"16:00","","","[{""mins"":16}]","Handstand walk attempts",SCALED,
11/07/2025,"3 ROUNDS","- RX - 3 rounds for time: 21 bar-facing burpees 15 deadlifts (155/225 lb)90 double-unders - INTERMEDIATE -3 rounds for time: 15 bar-facing burpees 12 deadlifts (155/225 lb)75 double-unders - BEGINNER -3 rounds for time: 12 bar-facing burpees 9 deadlifts (55/75 lb)60 double-unders",935,"15:35","","","[{""secs"":35,""mins"":15}]","",RX,
11/08/2025,"RUNNING THRUSTERS","- RX -8 rounds for reps with a partner:On a 2:00 clock:200-m runMax thrusters in remaining time (65/95 lb)- Rest 2:00 between rounds.- One partner completes a round, while the other rests; partners perform 4 rounds each.- INTERMEDIATE -8 rounds for reps with a partner:On a 2:00 clock:200-m runMax thrusters in remaining time (55/75 lb)- Rest 2:00 between rounds.- One partner completes a round, while the other rests; partners perform 4 rounds each.- BEGINNER -8 rounds for reps with a partner:On a 2:00 clock:100-m run10 thrusters in remaining time (35/45 lb)- Rest 2:00 between rounds.- One partner completes a round, while the other rests; partners perform 4 rounds each.",47,"47","Reps","","[{""reps"":12},{},{""reps"":12},{},{""reps"":12},{},{""reps"":11}]","Solo",RX,
11/10/2025,"SNATCH & RUN","- RX -3 rounds for time of:800-m run30 alternating DB snatches (35/50 lb) - INTERMEDIATE - 3 rounds for time of:800-m run30 alternating DB snatches (20/35 lb) - BEGINNER -3 rounds for time of:400-m run20 alternating DB hang snatches (10/15 lb)",957,"15:57","","","[{""secs"":57,""mins"":15}]","",RX,
11/10/2025,"Skill Work","3 sets:10-15 lying leg raises:30 plank hold",0,"🫎","Other / Text","","[{""other"":""🫎""}]","",RX,
11/11/2025,"CHAD","For Time:• 1,000 Box Step-Ups (20 in)Wear a Ruck Pack (45/35 lb)",3030,"50:30","","","[{""secs"":30,""mins"":50}]","20# vest",SCALED,
11/14/2025,"Shoulder Press 1x1","Shoulder Press for load: #1:  1 rep ",135,"135","Load","Shoulder Press","[{""load"":135,""success"":true}]","",RX,PR
11/14/2025,"HEAVY SHOULDER PRESS","- RX -For load:Shoulder press2-2-2-2-2- INTERMEDIATE - Same as Rxd- BEGINNER - Same as Rxd",125,"125","Load","Shoulder Press","[{""load"":45,""success"":true},{""load"":65,""success"":true},{""load"":95,""success"":true},{""load"":115,""success"":true},{""load"":125,""success"":true}]","",RX,
11/17/2025,"BODY WEIGHT FUN","- RX -AMRAP 10:20 walking lunges15 sit-ups30 Double Unders",6.034,"6+34","Rounds + Reps","","[{""rnds"":6,""reps"":34}]","",RX,
11/18/2025,"PRESS & RUN","- RX -Every 5:00 x 5 rounds:3 bench presses400-m run (2:15)- Rest the remainder of the interval.- Score the load and time for each round. - INTERMEDIATE -Same as Rxd- BEGINNER -Every 5:00 x 5 rounds:3 bench presses200-m run- Rest the remainder of the interval.- Score the load and time for each round.",165,"165","Load","","[{""load"":125,""success"":true},{""load"":135,""success"":true},{""load"":145,""success"":true},{""load"":155,""success"":true},{""load"":165,""success"":true}]","Partnered with Michael",RX,
11/19/2025,"HEAVY CLEANS","- RX -Power clean5-5-5-5-5- INTERMEDIATE -Same as Rxd- BEGINNER -Same as Rxd",155,"155","Load","Power Clean","[{""load"":115,""success"":true},{""load"":125,""success"":true},{""load"":135,""success"":true},{""load"":145,""success"":true},{""load"":155,""success"":true}]","",RX,PR
11/24/2025,"SERVICE CUP 1","- RX -21-15-9-9 reps for time of: Thrusters (65/95 lb)Lateral burpees over the bar- INTERMEDIATE - 21-15-9-9 reps for time of: Thrusters (45/65 lb)Lateral burpees over the bar- BEGINNER - 15-9-9 reps for time of: Thrusters (35/45 lb)Lateral burpee step-over the bar",593,"9:53","","","[{""secs"":53,""mins"":9}]","65#",SCALED,
11/26/2025,"HEAVY CLEAN & JERK","- RX -For load:Clean and jerk- Build to a 1-rep-max- INTERMEDIATE -Same as Rxd- BEGINNER -5 sets:3 clean and jerks",185,"185","Load","Clean & Jerk","[{""load"":185,""success"":true}]","x2",RX,
11/29/2025,"3 ROUNDS WITH PARTNER","- RX -3 rounds for time with a partner:30 shoulder-to-overheads (95/135 lb)60 walking lunges90 double-unders- Partners trade off as needed with one partner working at a time.- INTERMEDIATE -3 rounds for time with a partner:30 shoulder-to-overheads (75/115 lb)60 walking lunges60 double-unders- Partners trade off as needed with one partner working at a time.- BEGINNER -3 rounds for time with a partner:20 shoulder-to-overheads (45/65 lb)40 walking lunges60 single-unders- Partners trade off as needed with one partner working at a time.",695,"11:35","","","[{""secs"":35,""mins"":11}]","50# dumbbellCompleted with Tamra on Sunday",SCALED,
12/02/2025,"FRONT SQUATS","- RX -Every 3:00 for 10 Sets2 Front Squats- Build in load",185,"185","Load","Front Squat","[{""load"":115,""success"":true},{""load"":135,""success"":true},{""load"":145,""success"":true},{""load"":155,""success"":true},{""load"":165,""success"":true},{""load"":170,""success"":true},{""load"":175,""success"":true},{""load"":180,""success"":true},{""load"":185,""success"":true},{""load"":135,""success"":true}]","",RX,
12/03/2025,"EVERYTHING!","- RX -For time:50 double-unders50 burpees50 double-unders40/50-cal row50 double-unders50 toes-to-bar50 double-unders50 Russian KB swings (35/53 lb)50 double-unders - INTERMEDIATE - For time:30 double-unders or :45 double-under attempts35 burpees30 double-unders or :45 double-under attempts25/35-cal row30 double-unders or :45 double-under attempts35 toes-to-bar30 double-unders or :45 double-under attempts35 Russian KB swings (35/53 lb)30 double-unders or :45 double-under attempts- BEGINNER - For time:30 single-unders20 burpees30 single-unders15/20-cal row30 single-unders20 lying leg raises30 single-unders20 Russian KB swings (12/18 lb)30 single-unders",1165,"19:25","","","[{""secs"":25,""mins"":19}]","",RX,
12/05/2025,"BIKE, JUMP, & CLIMB","- RX - 5 rounds for time:12/15-cal bike10 box jumps (24/30 in)3 rope climbs (15/15 ft)- - INTERMEDIATE - 5 rounds for time:9/12-cal bike10 box jumps (20/24 in)2 rope climbs (12/12 ft)- - BEGINNER - 5 rounds for time:7/10-cal bike6 box jumps (6/12 in)3 pull-to-stands",869,"14:29","","","[{""secs"":29,""mins"":14}]","",RX,
12/06/2025,"Clean & Jerk 1x3","Clean & Jerk for load: #1:  3 reps",155,"155","Load","Clean & Jerk","[{""load"":155,""success"":true}]","Dropped the bar in between reps (weightlifting-style)",RX,PR
12/08/2025,"FRAN","- RX - 21-15-9 reps for time:Thrusters (65/95 lb)Pull-ups- INTERMEDIATE - For time:15-12-9Thrusters (65/95 lb)Pull-ups- BEGINNER - For time:15-12-9Thrusters (35/45 lb)Ring rows",553,"9:13","","","[{""secs"":13,""mins"":9}]","",RX,PR
12/08/2025,"SKILL WORK","EMOM 8:1 clean pull1 hang power clean1 thruster- Build to a moderate load, but only as quality mechanics allow.",145,"145","Load","","[{""load"":145,""success"":true}]","",RX,
12/09/2025,"8S FOR TIME","- RX -For time:80 alternating DB snatches (35/50 lb)80 sit-ups 80 lateral burpees over the DB800-m run- INTERMEDIATE -For time:65 alternating DB snatches (20/35 lb)65 sit-ups 65 lateral burpees over the DB800-m run- INTERMEDIATE -For time:50 alternating DB snatches (10/15 lb)50 sit-ups 50 burpees400-m run",1240,"20:40","","","[{""secs"":40,""mins"":20}]","",RX,
12/10/2025,"DEADLIFTS","- RX - For load:Deadlift 3-3-3-3-3- INTERMEDIATE - Same as Rxd- BEGINNER -Same as Rxd",315,"315","Load","Deadlift","[{""load"":225,""success"":true},{""load"":275,""success"":true},{""load"":295,""success"":true},{""load"":305,""success"":true},{""load"":315,""success"":true}]","",RX,
12/12/2025,"Skill Work","4 sets::20 flutter kicks:10 rest:20 Russian twists:10 rest",1,"Yes","Checkbox","","[{""boolean"":1}]","",RX,
12/12/2025,"CLEANS & PUSH UPS","- RX - 10-9-8-7-6-5-4-3-2-1 reps for time:Hang power cleans (75/115 lb)Handstand push-ups- INTERMEDIATE - 10-9-8-7-6-5-4-3-2-1 reps for time:Hang power cleans (55/75 lb)Pike handstand push-ups- BEGINNER - 8-7-6-5-4-3-2-1 reps for time:Hang power cleans (35/45 lb)Push presses (35/45 lb)",748,"12:28","","","[{""secs"":28,""mins"":12}]","",RX,
12/15/2025,"PUSH JERK, T2B, & BIKE","- RX -For time:50 push jerks (105/155 lb)50 toes-to-bars35/50-cal Assault bike",1045,"17:25","","","[{""secs"":25,""mins"":17}]","115#",SCALED,
12/16/2025,"GYMNASTIC STRENGTH","- RX -AMRAP 12:3 strict handstand push-ups6 strict pull-ups12 single-leg squats- INTERMEDIATE - AMRAP 12:2 strict handstand push-ups OR reduced ROM strict handstand push-ups4 strict pull-ups OR foot-assisted pull-ups8 single-leg squats OR ankle-wrapped single-leg squats- BEGINNER -AMRAP 12:3 seated DB shoulder presses (20/35 lb) 6 ring rows12 reverse lunges",8,"8","Rounds + Reps","","[{""rnds"":8,""reps"":0}]","Ankle wrap single leg squats",RX,
12/17/2025,"POWER SNATCH 2 x 10!","- RX -For load:Every 2:00 x 20:002 Rep Power snatch- INTERMEDIATE - Same as Rxd- BEGINNER -Same as Rxd",135,"135","Load","Power Snatch","[{""load"":65,""success"":true},{""load"":65,""success"":true},{""load"":75,""success"":true},{""load"":95,""success"":true},{""load"":95,""success"":true},{""load"":105,""success"":true},{""load"":115,""success"":true},{""load"":120,""success"":true},{""success"":true,""load"":125},{""load"":135,""success"":true}]","",RX,PR
12/19/2025,"MILE & STUFF","- RX -For time:30 box jumps (24/30 in)1,600-m run15 muscle ups",673,"11:13","","","[{""secs"":13,""mins"":11}]","",RX,
12/20/2025,"Bench Press 10-8-6-4-3-3-2-2-1-1","Bench Press for load: #1:  10 reps #2:  8 reps #3:  6 reps #4:  4 reps #5:  3 reps #6:  3 reps #7:  2 reps #8:  2 reps #9:  1 rep  #10:  1 rep ",175,"175","Load","Bench Press","[{""load"":95,""success"":true},{""load"":115,""success"":true},{""load"":125,""success"":true},{""load"":135,""success"":true},{""load"":140,""success"":true},{""load"":145,""success"":true},{""load"":155,""success"":true},{""load"":165,""success"":true},{""load"":170,""success"":true},{""load"":175,""success"":true}]","",RX,
12/20/2025,"12 ROUNDS WITH A PARTNER","- RX -12 rounds with a partner:9/12-cal row10 burpees8 double-DB power cleans (35/50 lb)- Partners alternate rounds for 6 rounds each. - INTERMEDIATE - 12 rounds with a partner:7/10-cal row8 burpees8 double-DB  power cleans (20/35 lb)- Partners alternate rounds for 6 rounds each. - BEGINNER -12 rounds with a partner:6/9-cal row5 burpees5 double-DB power cleans (10/15 lb)- Partners alternate rounds for 6 rounds each.",1357,"22:37","","","[{""secs"":37,""mins"":22}]","Partners with Tamra",RX,
12/22/2025,"SNATCH, JUMP, PULL","-RX-3 rounds for time:25 power snatches (55/75 lb)50 double-unders15 chest-to-bar pull-ups- INTERMEDIATE - 3 rounds for time:25 power snatches (45/55 lb)25 double-unders10 pull-ups- BEGINNER -3 rounds for time:15 hang power snatches (35/45 lb)50 single-unders10 ring rows",1067,"17:47","","","[{""secs"":47,""mins"":17}]","",RX,
12/24/2025,"Partner 12 Days Of Christmas","FOR TIME WITH A PARTNER2 Cartwheel4 Devils Press6 Hollow Rocks8 Thrusters10 Push Press12 Air Squat14 DB Hang Power Clean16 Alt DB Snatch18 Deadlift20 Front Squats22 Push Up24 Burpee over DB Movements performed as you go I go, split reps evenly. Performed like the song 12 days of ChristmasAll movements performed with a Dumbbell(35/25)",1200,"20:00","","","[{""mins"":20}]","Made it to round 11Partners with Justin",RX,
12/26/2025,"Deadlift 10x3","Deadlift for load: #1:  3 reps #2:  3 reps #3:  3 reps #4:  3 reps #5:  3 reps #6:  3 reps #7:  3 reps #8:  3 reps #9:  3 reps #10:  3 reps",265,"265","Load","Deadlift","[{""load"":135,""success"":true},{""load"":155,""success"":true},{""load"":165,""success"":true},{""load"":175,""success"":true},{""load"":185,""success"":true},{""load"":215,""success"":true},{""load"":235,""success"":true},{""load"":245,""success"":true},{""load"":255,""success"":true},{""load"":265,""success"":true}]","",RX,
12/26/2025,"PARTNER AMRAP","-RX-AMRAP 30:3 wall walks200-m run3 deadlift (155/225)with a partner - you go, I go rounds",17.003,"17+3","Rounds + Reps","","[{""rnds"":17,""reps"":3}]","Partners with Kirsten",RX,
12/28/2025,"SOBER SUNDAY","WARM UP100m RunAir squatsKB DeadliftsMOBILITYHamstring straddle to sealSamson lungeForearm stretchesAMRAP 13:00100m Farmers carry15 Goblet squats10 Burpees",5,"5","Rounds + Reps","","[{""rnds"":5,""reps"":0}]","53#",RX,
12/29/2025,"T2B & WALL BALLS","- RX -21-18-15-12-9-6-3 reps for time:Toes-to-barsWall-ball shots (14/20 lb)- INTERMEDIATE -21-18-15-12-9-6-3 reps for time:Knees-to-chestWall-ball shots (10/14 lb)-- BEGINNER -15-12-9-6-3 reps for time:Hanging knee raisesWall-ball shots (6/10 lb)",680,"11:20","","","[{""secs"":20,""mins"":11}]","",RX,
12/30/2025,"RUN UPSIDE DOWN","- RX -5 rounds for time:400-m runHandstand walk (50 ft)- Handstand walk 25 ft out and 25 ft back.- INTERMEDIATE -5 rounds for time:400-m run10 pike walk with feet on a box, moving right10 pike walk with feet on a box, moving left- BEGINNER -5 rounds for time:200-m runBear crawl (50 ft)- Bear crawl 25 ft out and 25 ft back.",920,"15:20","","","[{""secs"":20,""mins"":15}]","",SCALED,
01/01/2026,"OUT WITH THE OLD!","5 Rounds for Time:3 Wall Walks200m Farmers carry (35/50)",1034,"17:14","","","[{""secs"":14,""mins"":17}]","",RX,
01/02/2026,"HEAVY PUSH COMPLEX","- RX -7 sets for load:2 push presses1 push jerk- INTERMEDIATE -Same as Rxd- BEGINNER -Same as Rxd",160,"160","Load","","[{""success"":true,""load"":105},{""load"":115,""success"":true},{""load"":125,""success"":true},{""load"":135,""success"":true},{""load"":145,""success"":true},{""load"":155,""success"":true},{""load"":160,""success"":true}]","",RX,
01/03/2026,"PARTNER BADGER","- RX -3 rounds for time with a partner:30 squat cleans (65/95 lb)30 pull-ups800-m run- Athletes run together and break up the cleans and pull-ups as needed.- INTERMEDIATE -3 rounds for time with a partner:30 squat cleans (45/65 lb)30 pull-ups800-m run- Athletes run together and break up the cleans and pull-ups as needed.- BEGINNER -3 rounds for time with a partner:30 squat cleans (35/45 lb)30 jumping pull-ups600-m run- Athletes run together and break up the cleans and pull-ups as needed.",1427,"23:47","","","[{""secs"":47,""mins"":23}]","Partners with Nick",RX,
01/04/2026,"SOBER SUNDAY","WARMUP20 Jump ropes10 KB Deadlifts10 Sit upsMOBILITYQuad smash (with KB)Psoas smashHamstring straddle to sealWORKOUTEvery 4:00 for 3 sets:100 jump ropes30 Russian KB swings",611,"10:11","","","[{""secs"":11,""mins"":10}]","53# KB",RX,
01/05/2026,"PULL UPS & STUFF","- RX -AMRAP 10:5 alternating single-DB lunges (35/50 lb)3 lateral burpees over the DB5 pull ups- Hold the dumbbell any way.",13,"13","Rounds + Reps","","[{""rnds"":13,""reps"":0}]","Chest to bars",SCALED,
01/06/2026,"Hang Power Clean","- RX -For load:3-3-3-3-3Hang Power clean- Each set must be unbroken.- Rest at least 3:00 between sets. - INTERMEDIATE -Same as Rxd- BEGINNER -Same as Rxd",190,"190","Load","Hang Power Clean","[{""load"":155,""success"":true},{""load"":165,""success"":true},{""load"":175,""success"":true},{""load"":185,""success"":true},{""load"":190,""success"":true}]","",RX,PR
01/07/2026,"RINGS & BOXES","-RX-AMRAP 20 with a partner:10 ring rows10 push ups10 box step ups (20/24 in)- Partners alternate full rounds.",19.008,"19+8","Rounds + Reps","","[{""rnds"":19,""reps"":8}]","Alternating push ups and ring dips",SCALED,
01/09/2026,"RUNNING INTERVALS","AMRAP 20:00 with a partner:100-200-300-400-600-400-300-200-100- 1 partner completes the run, then the other does same distance- Once both complete then increase to next distance- Score is total meters run between the partners",2800,"2800","Meters","","[{""meters"":2800}]","Partners with Chris",RX,
01/10/2026,"SWOLY DAY","For Time with Partner50 Burpees40 Goblet Squats (50/35 lb)30 Push-Ups20 Plate Ground-to-Overhead (45/25 lb)10 Wall Walks20 Plate Ground-to-Overhead (45/25 lb)30 Push-Ups40 Goblet Squats (50/35 lb)50 Burpees",723,"12:03","","","[{""secs"":3,""mins"":12}]","Partners with Kirsten",RX,
01/12/2026,"BACK SQUAT PR","For Load:Back Squat5-5-5-3-3-3-2-2-1-1",215,"215","Load","Back Squat","[{""success"":true,""load"":125},{""success"":true,""load"":135},{""load"":155,""success"":true},{""load"":165,""success"":true},{""load"":185,""success"":true},{""load"":195,""success"":true},{""load"":200,""success"":true},{""load"":205,""success"":true},{""load"":210,""success"":true},{""load"":215,""success"":true}]","Partners with Sonya",RX,
01/13/2026,"ROW, LUNGE, ROW","- RX -AMRAP 20:500-m rowSingle-arm KB front-rack walking lunges, right (30 ft) (35/53 lb)Single-arm KB front-rack walking lunges, left (30 ft)15 ring rows- Feet positioned directly underneath the initial hanging position of the rings.-INTERMEDIATE- AMRAP 20:500-m rowSingle-arm KB front-rack walking lunges, right (30 ft) (20/35 lb)Single-arm KB front-rack walking lunges, left (30 ft)15 ring rows- Feet positioned to allow for 5-10 consecutive ring row reps.-BEGINNER-AMRAP 20:300-m rowSingle-arm KB front-rack walking lunges, right (20 ft) (10/20 lb)Single-arm KB front-rack walking lunges, left (20 ft)10 ring rows- Feet positioned to allow for 5-10 consecutive ring row reps.""",4.02,"4+20","Rounds + Reps","","[{""rnds"":4,""reps"":20}]","",RX,
01/14/2026,"DIANE","- RX -21-15-9 reps for time:Deadlifts (155/225 lb)Handstand push-ups- INTERMEDIATE -For time: 21-15-9Deadlifts (125/185 lb)12-9-6Handstand push-ups- BEGINNER -15-12-9 reps for time:Deadlifts (55/75 lb)Pike Push Ups",517,"8:37","","","[{""secs"":37,""mins"":8}]","",RX,PR
01/16/2026,"T2B AND JUMP","- RX -5 rounds for time:15 toes-to-bars15 box jumps (20/24 in)- Step down from the box.-INTERMEDIATE-5 rounds for time:15 hanging leg raises15 box jumps (16/20 in)-BEGINNER-5 rounds for time::10 bar hang10 lying toes-to-bars10 box jumps (8/12 in)- Use a foot assist as needed on the bar hang.",517,"8:37","","","[{""secs"":37,""mins"":8}]","Did an extra round after",RX,
01/19/2026,"BURPEE & ROW","- RX -For time: 30 burpees600-m row30 burpees- INTERMEDIATE -Same as Rxd- BEGINNER -For time:15 burpees300-m row15 burpees",331,"5:31","","","[{""secs"":31,""mins"":5}]","",RX,
01/19/2026,"Skill Work","3 rounds:2 Turkish get-ups/side10 single-arm DB bent-over rows/side20 Russian twists",0,"🥩","Other / Text","","[{""other"":""🥩""}]","",RX,
01/20/2026,"Skill Work","Every 2:00 for 4 sets:3 muscle cleans + 3 power cleans",0,"145","Other / Text","","[{""other"":""145""}]","",RX,
01/20/2026,"CLEAN THE SHUTTLE","- RX -EMOM 15 for total reps:Min. 1: power cleansMin. 2: shuttle runsMin. 3: rest- Power clean load is 70-80% of 1-rep max.- 1 shuttle run is 25 ft down and back.-INTERMEDIATE-Same as Rxd-BEGINNER-Same as Rxd",67,"67","Reps","","[{""reps"":67}]","165#",RX,
01/21/2026,"HEAVY BENCH","- RX -For load:Bench press3-2-2-1-1-1- INTERMEDIATE -Same as Rxd- BEGINNER -For load:Bench press3-3-3-3-3-3",190,"190","Load","Bench Press","[{""load"":145,""success"":true},{""load"":155,""success"":true},{""load"":175,""success"":true},{""load"":175,""success"":true},{""load"":185,""success"":true},{""load"":190,""success"":true}]","",RX,PR
01/23/2026,"CLEAN & PRESS","- RX -5 rounds for time:20 med-ball cleans (14/20 lb)10 push presses (95/135 lb)- INTERMEDIATE -5 rounds for time:20 med-ball cleans (14/20 lb)10 push presses (65/95 lb)- BEGINNER -5 rounds for time:12 med-ball cleans (8/12 lb)8 push presses (35/45 lb)",775,"12:55","","","[{""secs"":55,""mins"":12}]","115#",SCALED,
01/26/2026,"Row 2000m","Row 2000m",462,"7:42","","","[{""secs"":42,""mins"":7}]","",RX,PR
01/26/2026,"Double Unders: 2 Minute Test","Maximum double-unders in 2 minutes.",128,"128","Reps","","[{""reps"":128}]","",RX,
01/26/2026,"Single Under Test","2:00 Max single unders",238,"238","Reps","","[{""reps"":238}]","",RX,
01/26/2026,"Double-Unders: Max Reps","Double-Unders: Max Reps",128,"128","Reps","","[{""reps"":128}]","",RX,PR
01/27/2026,"SNATCH","Build to a heavy 1 Rep Max Snatch",145,"145","Load","Snatch","[{""load"":145,""success"":true}]","",RX,PR
01/28/2026,"NICOLE","AMRAP in 20 minutes of:• 400m run• Pull-ups (max reps)",101,"101","Reps","","[{""reps"":101}]","",RX,PR
01/30/2026,"KAREN","For time:• 150 Wall Ball shots 20/14#",537,"8:57","","","[{""secs"":57,""mins"":8}]","",RX,PR
02/02/2026,"SNATCH PARTY","- RX -EMOM 15:Min 1: 3 bar muscle-upsMin 2: Max-reps alternating DB snatches (35/50 lb)Min 3: Rest- INTERMEDIATE -EMOM 15:Min 1: 1 bar muscle-up or 3 jumping bar muscle-upsMin 2: Max-reps alternating DB snatches (20/35 lb)Min 3: Rest- BEGINNER - EMOM 15:Min 1: 5 ring rows + 5 push-ups from the kneesMin 2: Max-reps alternating DB snatches (10/15 lb)Min 3: Rest",125,"125","Reps","","[{""reps"":125}]","",RX,
02/03/2026,"FRONT SQUAT","- RX -For load: Front squat3-3-3-3-3- INTERMEDIATE - Same as Rxd- BEGINNER - Same as Rxd",175,"175","Load","Front Squat","[{""load"":115,""success"":true},{""load"":135,""success"":true},{""load"":155,""success"":true},{""load"":165,""success"":true},{""load"":175,""success"":true}]","",RX,
02/04/2026,"BIKE JUMPS","- RX - 4 rounds for time: 14/16-cal bike16 box jumps (24/30 in)16 shoulder-to-overheads (75/115 lb)- INTERMEDIATE - 4 rounds for time: 12/14-cal bike16 box jumps (20/24 in)16 shoulder-to-overheads (55/75 lb)- BEGINNER - 4 rounds for time: 8/10-cal bike12 box jumps (12/12 in)12 shoulder-to-overheads (35/45 lb)",860,"14:20","","","[{""secs"":20,""mins"":14}]","95#",SCALED,
02/06/2026,"RING RING RING","- RX - 30-20-10 reps for time: Thrusters (65/95 lb)Ring dips- INTERMEDIATE - For time:30-20-10Thrusters (45/65 lb)15-10-5Ring dips- BEGINNER - 20-15-10 reps for time: Thrusters (35/45 lb)Foot-assisted ring dips",765,"12:45","","","[{""secs"":45,""mins"":12}]","",RX,
02/07/2026,"TOE RUN","- RX -4 rounds for time with a partner:30 toes-to-bars400-m run- Share the toes-to-bars and run together.- INTERMEDIATE -4 rounds for time with a partner:20 toes-to-bars400-m run- Share the toes-to-bar and run together.- BEGINNER -4 rounds for time with a partner:10 hanging leg raises200-m run- Share the leg raises and run together.",710,"11:50","","","[{""secs"":50,""mins"":11}]","Partners with Kirsten",RX,
02/09/2026,"ROW THEN BURP","- RX - For time: 2,000-m row50 burpee pull-ups- Place the pull-up bar 6 in above your reach when your arms are extended overhead.- INTERMEDIATE -For time: 2,000-m row35 burpee pull-ups- Place the pull-up bar at your fingertips when your arms are extended overhead.- BEGINNER - For time: 1,000-m row20 up-downs + 20 ring rows",828,"13:48","","","[{""secs"":48,""mins"":13}]","",RX,
02/10/2026,"PENDULUM","- RX - For time:30-20-10-20-30KB swings (35/53 lb)15-10-5-10-15Deficit handstand push-ups- Hands on 25/45-lb plates.- INTERMEDIATE -For time:20-15-10-15-20KB swings (35/53 lb)15-10-5-10-15Handstand push-ups- BEGINNER - 15-10-5-10-15 reps for time:KB swings (12/18 lb)Shoulder presses (45/33 lb)",913,"15:13","","","[{""secs"":13,""mins"":15}]","11-7-5-7-11 HSPU",SCALED,
02/11/2026,"CLEAN COMPLEX","- RX - Every 5:00 for 7 sets:3 power cleans 2 hang power cleans- Build in load each set.- INTERMEDIATE -Same as Rxd- BEGINNER - Same as Rxd",170,"170","Load","","[{""load"":95,""success"":true},{""load"":115,""success"":true},{""load"":135,""success"":true},{""load"":145,""success"":true},{""load"":155,""success"":true},{""load"":165,""success"":true},{""load"":170,""success"":true}]","",RX,
02/12/2026,"LEG TAX","- RX -For time:75 double-unders65/80-cal bike75 double-unders60 sit-ups75 double-unders40 back squats (95/135 lb)- INTERMEDIATE -For time:50 double-unders or 1 minute of attempts50/65-cal bike 50 double-unders or 1 minute of attempts50 sit-ups50 double-unders or 1 minute of attempts30 back squats (75/115 lb)- BEGINNER - For time:50 single-unders30/40-cal bike50 single-unders30 foot-anchored sit-ups50 single-unders30 back squats (35/45 lb)",1005,"16:45","","","[{""secs"":45,""mins"":16}]","Ski erg95#",SCALED,
02/13/2026,"Open 24.1","For time:21 dumbbell snatches, arm 121 lateral burpees over dumbbell21 dumbbell snatches, arm 221 lateral burpees over dumbbell15 dumbbell snatches, arm 115 lateral burpees over dumbbell15 dumbbell snatches, arm 215 lateral burpees over dumbbell9 dumbbell snatches, arm 19 lateral burpees over dumbbell9 dumbbell snatches, arm 29 lateral burpees over dumbbellTime cap: 15 minutes♀ 35-lb dumbbell♂ 50-lb dumbbell",765,"12:45","","","[{""secs"":45,""mins"":12}]","",RX,PR
02/23/2026,"UNFINISHED BUSINESS","- RX -4 x AMRAP 3:15 toes-to-bars10 burpees12/15-cal Echo bike- Rest 2:00 between AMRAPs.- Pick up where you left off.- INTERMEDIATE -4 x AMRAP 3:15 knees-to-chests10 burpees10/12-cal Echo bike- Rest 2:00 between AMRAPs.- Pick up where you left off.- BEGINNER -4 x AMRAP 3:10 hanging leg raises5 burpees7/9-cal Echo bike- Rest 2:00 between AMRAPs.- Pick up where you left off.- MASTERS 55+ - 4 x AMRAP 3:10 toes-to-bars10 burpees10/12-cal Echo bike- Rest 2:00 between AMRAPs.- Pick up where you left off.",1.0014,"1+14","Rounds + Reps","","[{""rnds"":1,""reps"":14},{""rnds"":1,""reps"":11},{""rnds"":1,""reps"":2},{""rnds"":1,""reps"":3}]","4+30 total",RX,
02/24/2026,"SKILL WORK","**On a 10:00 clock:**  Build to a heavy power clean single",205,"205","Load","Power Clean","[{""load"":205,""success"":true}]","",RX,
02/24/2026,"THREE AT ONCE","- RX - AMRAP 7:3 power cleans (155/225 lb)10 triple-unders- INTERMEDIATE -AMRAP 7:3 power cleans (125/185 lb)10 double-unders- BEGINNER -AMRAP 7:3 power cleans (55/75 lb)10 single-unders- MASTERS 55+ - AMRAP 7:3 power cleans (105/155 lb)10 double-unders",3,"3","Rounds + Reps","","[{""rnds"":3,""reps"":0}]","185#17 triple unders",SCALED,
02/25/2026,"HOLD & PUSH","- RX -EMOM 20:Min 1 | :30 handstand holdMin 2 | :30 chin-over-bar pull-up holdMin 3 | :30 max handstand push-upsMin 4 | max-cal rowMin 5 | rest- Accumulate :30 in the holds.- INTERMEDIATE -EMOM 20:Min 1 | :30 handstand holdMin 2 | :30 chin-over-bar pull-up holdMin 3 | :30 max handstand push-upsMin 4 | max-cal rowMin 5 | rest- Hold for as much of the :30 interval as possible; rest for :30- BEGINNER -EMOM 20:Min 1 | :30 plank hold from the kneesMin 2 | :30 top of ring row holdMin 3 | :30 max push-ups from the kneesMin 4 | max-cal rowMin 5 | rest- Hold for as much of the :30 interval as possible; rest for :30- MASTERS 55+ - Min 1 | :30 handstand holdMin 2 | :30 chin-over-bar pull-up holdMin 3 | :30 max handstand push-upsMin 4 | Max-cal rowMin 5 | Rest- Hold for as much of the :30 interval as possible; rest for :30.",137,"137","Reps","","[{""reps"":137}]","",RX,
02/28/2026,"Open 26.1","For time:20 wall-ball shots18 box jump-overs30 wall-ball shots18 box jump-overs40 wall-ball shots18 medicine-ball box step-overs66 wall-ball shots18 medicine-ball box step-overs40 wall-ball shots18 box jump-overs30 wall-ball shots18 box jump-overs20 wall-ball shotsTime cap: 12 minutes♀ 14-lb (6-kg) medicine ball, 9-foot target, 20-inch box♂ 20-lb (9-kg) medicine ball, 10-ft target, 24-inch box",720,"12:00","","","[{""mins"":12}]","201; 216",RX,PR
03/02/2026,"RUN TO IMPRESS","-RX-3 rounds for time:400-m run30 double-DB push presses (25/35 lb)-INTERMEDIATE-3 rounds for time:400-m run20 double-DB push presses (25/35 lb)-BEGINNER-3 rounds for time:400-m run15 double-DB push presses (15/20 lb)",529,"8:49","","","[{""secs"":49,""mins"":8}]","",RX,
03/03/2026,"NO FRESH STARTS","- RX -3 rounds:AMRAP 7:400/500-m row10 deadlifts (135/185 lb)- Rest 2:00 between rounds - Pick up where you left off in the AMRAP.- INTERMEDIATE -3 rounds:AMRAP 7:300/400-m row10 deadlifts (105/155 lb)- Rest 2:00 between rounds - Pick up where you left off in the AMRAP.- BEGINNER - 3 rounds:AMRAP 7:200/300-m row10 deadlifts (65/95 lb)- Rest 2:00 between rounds - Pick up where you left off in the AMRAP.",7,"7","Rounds + Reps","","[{""rnds"":7,""reps"":0}]","+130m",RX,
03/04/2026,"HEAVY BENCH PRESS","- RX -Bench press 3-3-3-3-3-3-3-3",165,"165","Load","Bench Press","[{""load"":95,""success"":true},{""load"":105,""success"":true},{""load"":115,""success"":true},{""load"":125,""success"":true},{""load"":135,""success"":true},{""load"":145,""success"":true},{""load"":155,""success"":true},{""load"":165,""success"":true}]","",RX,
03/07/2026,"Open 26.2","For time:80-foot dumbbell overhead walking lunge20 alternating dumbbell snatches20 pull-ups80-foot dumbbell overhead walking lunge20 alternating dumbbell snatches20 chest-to-bar pull-ups80-foot dumbbell overhead walking lunge20 alternating dumbbell snatches20 muscle-upsTime cap: 15 minutes♀ 35-lb (15-kg) dumbbell♂ 50-lb (22.5-kg) dumbbell",900,"15:00","","","[{""secs"":0,""mins"":15}]","116",RX,PR
03/10/2026,"Power Snatch 1x1","Power Snatch for load: #1:  1 rep ",145,"145","Load","Power Snatch","[{""load"":145,""success"":true}]","",RX,PR
03/10/2026,"SNATCH COMPLEX","- RX -1 rep on the minute of:Min 0-5: snatch high pullMin 6-10:  hang power snatchMin 11-20: power snatch- Score is the heaviest load for each section.- INTERMEDIATE -Same as Rxd- BEGINNER -2 reps on the minute of:Min 0-5: snatch high pullMin 6-10:  hang power snatchMin 11-20: power snatch- Score is the heaviest load for each section.",145,"145","Load","","[{""load"":125,""success"":true},{""load"":125,""success"":true},{""load"":145,""success"":true}]","",RX,
03/11/2026,"WHIPLASH","- RX -For time:21-15-9:KB swings (53/70 lb)100-100-100:Double-unders- INTERMEDIATE - For time:21-15-9:KB swings (35/53 lb)50-50-50:Double-unders- BEGINNER - For time:21-15-9:KB swings (18/26 lb)50-50-50:Single-unders",522,"8:42","","","[{""secs"":42,""mins"":8}]","",RX,
03/14/2026,"Open 26.3","For Time:2 Rounds of:​12 burpees over the bar12 cleans, weight 112 burpees over the bar12 thrusters, weight 1 2 Rounds of:​12 burpees over the bar12 cleans, weight 212 burpees over the bar12 thrusters, weight 122 Rounds of:​12 burpees over the bar12 cleans, weight 312 burpees over the bar12 thrusters, weight 3Time cap: 16 minutes​♀ 65, 75, 85 lb (29, 34, 38 kg)♂ 95, 115, 135 lb (43,52,61 kg)",960,"16:00","","","[{""secs"":0,""mins"":16}]","140",RX,PR
03/16/2026,"FARM WORK","- RX -AMRAP 21:100-m farmers carry (35/50 lb)20 double-DB front-rack box step-ups (20/20 in)200-m run- INTERMEDIATE -AMRAP 21:100-m farmers carry (20/35 lb)20 double-DB front-rack box step-ups (20/20 in)200-m run- BEGINNER -AMRAP 21:100-m farmers carry (18/20 lb)20 double-DB front-rack box step-ups (12/12 in)100-m run- MASTERS 55+ - AMRAP 21:100-m farmers carry (20/35 lb)20 double-DB front-rack box step-ups (20/20 in)200-m run",3.0012,"3+12","Rounds + Reps","","[{""rnds"":3,""reps"":12}]","",RX,
03/17/2026,"LUCK OF THE IRISH","Roll the Dice to create your workout!AMRAP 17:Dice Roll 1Dice Roll 2Dice Roll 3Add rest if you roll a 4!",4,"4","Rounds + Reps","","[{""rnds"":4,""reps"":0}]","",RX,
03/18/2026,"RELOAD","- RX -4 x AMRAP 4:3 hang power cleans (95/135 lb)6 shoulder-to-overheads9 lateral burpees over the bar12 pull-ups- Rest 2:00 between rounds- INTERMEDIATE - 4 x AMRAP 4:3 hang power cleans (65/95 lb)6 shoulder-to-overheads9 lateral burpees over the bar6 pull-ups- Rest 2:00 between rounds.- BEGINNER -4 x AMRAP 4:3 hang power cleans (35/45 lb)6 shoulder-to-overheads9 lateral burpee bar step-overs6 jumping pull-ups- Rest 2:00 between rounds.",5.0024,"5+24","Rounds + Reps","","[{""rnds"":2,""reps"":0},{""rnds"":1,""reps"":13},{""rnds"":1,""reps"":6},{""rnds"":1,""reps"":5}]","",RX,
03/20/2026,"RINGS & ROPES","- RX -For time:21 ring dips42 AbMat sit-ups50 double-unders15 ring dips30 AbMat sit-ups50 double-unders9 ring dips18 AbMat sit-ups50 double-unders- INTERMEDIATE - For time:15 ring dips42 AbMat sit-ups35 double-unders12 ring dips30 AbMat sit-ups35 double-unders9 ring dips18 AbMat sit-ups35 double-unders- BEGINNER -For time:15 foot-assisted ring dips30 AbMat sit-ups35 single-unders12 foot assisted ring dips24 AbMat sit-ups35 single-unders9 foot assisted ring dips18 AbMat sit-ups35 single-unders",679,"11:19","","","[{""secs"":19,""mins"":11}]","",RX,
03/23/2026,"Skill Work","8 sets::20 push-ups:10 rest",1,"Yes","Checkbox","","[{""boolean"":1}]","68",RX,
03/23/2026,"PLANK AND DO STUFF","- RX - For time:2:00 plank hold30 box jump-overs (20/24 in)100-m DB farmers carry (35/50 lb)2:00 plank hold20 box jump-overs100-m DB farmers carry2:00 plank hold10 box jump-overs100-m DB farmers carry- Use two dumbbells.- INTERMEDIATE -For time:2:00 plank hold30 box jump-overs (20/24 in)100-m DB farmers carry (20/35 lb)2:00 plank hold20 box jump-overs100-m DB farmers carry2:00 plank hold10 box jump-overs100-m DB farmers carry- Use two dumbbells.- BEGINNER -For time:1:00 plank hold20 box step-up overs (12/20 in)100-m DB farmers carry (10/15 lb)1:00 plank hold15 box step-up overs100-m DB farmers carry1:00 plank hold10 box step-up overs100-m DB farmers carry- Use two dumbbells",658,"10:58","","","[{""secs"":58,""mins"":10}]","",RX,
03/24/2026,"DEADLIFT","Deadlift for load:1-1-1-1-1",365,"365","Load","Deadlift","[{""load"":325,""success"":true},{""load"":335,""success"":true},{""load"":345,""success"":true},{""load"":355,""success"":true},{""load"":365,""success"":true}]","",RX,PR
03/25/2026,"PAVEMENT POUNDER","- RX - 3 rounds for time of:800-m run80 air squats- INTERMEDIATE -3 rounds for time of:600-m run60 air squats- BEGINNER -3 rounds for time of:400-m run25 air squats",1305,"21:45","","","[{""secs"":45,""mins"":21}]","20# vest",SCALED,
03/30/2026,"Front Squat 1x3","Front Squat for load: #1:  3 reps",185,"185","Load","Front Squat","[{""load"":185,""success"":true}]","",RX,PR
03/30/2026,"JUMP TAX","- RX - 5 rounds for time of:15 front squats (75/115 lb)60 double-unders- INTERMEDIATE -5 rounds for time of:15 front squats (65/95 lb)30 double-unders- BEGINNER -5 rounds for time of:10 front squats (35/45 lb)30 single-unders",712,"11:52","","","[{""secs"":52,""mins"":11}]","95# Front rack reverse lunges",SCALED,
03/31/2026,"Skill Work","Every 1:30 for 6 sets:Sets 1 and 2: 3 power clean and jerksSets 3 and 4: 2 power clean and jerksSets 5 and 6: 1 power clean and jerk- Build to loads above the intended workout weight for the day.",1,"Yes","Checkbox","","[{""boolean"":1}]","",RX,
03/31/2026,"GRACE","- RX -For time:30 clean and jerks (95/135 lb)-- INTERMEDIATE -For time:30 clean and jerks (65/95 lb)- BEGINNER -For time:30 clean and jerks (45/65 lb)",291,"4:51","","","[{""secs"":51,""mins"":4}]","",RX,
04/01/2026,"ONE LEGGED ENGINE","- RX - 2 rounds for time of:20/25 cal30 single-leg squats20/25 cal90 step-ups (20/24 in)- Complete the calories on any machine.- INTERMEDIATE -2 rounds for time of:20/25 cal20 single-leg squats, hook behind the heel20/25 cal90 step-ups (20/24 in)- Complete the calories on any machine.- BEGINNER -2 rounds for reps of:2:00 max cal2:00 max reverse lunges2:00 max cal2:00 max step-ups (12/18 in)- Complete the calories on any machine. - Perform no more than 30 reverse lunges in each interval.",1037,"17:17","","","[{""secs"":17,""mins"":17}]","Single leg squat to 20” box",SCALED,
04/06/2026,"Shoulder Press 6x5","Shoulder Press for load: #1:  5 reps #2:  5 reps #3:  5 reps #4:  5 reps #5:  5 reps #6:  5 reps",120,"120","Load","Shoulder Press","[{""load"":75,""success"":true},{""load"":85,""success"":true},{""load"":95,""success"":true},{""load"":105,""success"":true},{""load"":115,""success"":true},{""load"":120,""success"":true}]","",RX,PR
04/06/2026,"TRIPLE THREAT","- RX - 7 rounds for time: 7 deadlifts (105/155 lb)5 hang power cleans 3 bar muscle-ups- INTERMEDIATE - 5 rounds for time: 7 deadlifts (75/115 lb)5 hang power cleans 3 bar muscle-ups- BEGINNER -5 rounds for time: 7 deadlifts (35/45 lb)5 hang power cleans 5 jumping chest-to-bar pull-ups",667,"11:07","","","[{""secs"":7,""mins"":11}]","",RX,
04/07/2026,"HEAVY TRIPLE SQUAT","- RX -For load: Front squat3-3-3-3-3- INTERMEDIATE - Same as Rxd- BEGINNER - Same as Rxd",165,"165","Load","Front Squat","[{""load"":125,""success"":true},{""load"":135,""success"":true},{""load"":145,""success"":true},{""load"":155,""success"":true},{""load"":165,""success"":true}]","",RX,
04/08/2026,"Skill Work","Pre-workout strengthEMOM 8:2 shoulder presses - Build in load every 2:00.- Use 50-60% of the top set for the workout.",125,"125","Load","","[{""load"":125,""success"":true}]","130# once",RX,
04/08/2026,"PRESS THE PACE","- RX - 4 rounds for time: 400-m run12 shoulder presses- INTERMEDIATE - Same as Rxd- BEGINNER -4 rounds for time: 200-m run12 shoulder presses",729,"12:09","","","[{""secs"":9,""mins"":12}]","95#",RX,
04/10/2026,"UNILATERAL FLOW","- RX - AMRAP 9: 12 alternating hang DB snatches (35/50 lb)6 single-arm DB overhead squats, left6 single-arm DB overhead squats, right12 lateral jumps over the DB- INTERMEDIATE - AMRAP 9: 12 alternating hang DB snatches (20/35 lb)6 single-arm DB overhead squats, left6 single-arm DB overhead squats, right12 lateral jumps over the DB- BEGINNER -AMRAP 9: 12 alternating hang DB snatches (10/15 lb)6 single-arm DB overhead reverse lunges, left6 single-arm DB overhead reverse lunges, right12 lateral steps over the DB",1.0006,"1+6","Rounds + Reps","","[{""rnds"":1,""reps"":6}]","10#",SCALED,
04/13/2026,"NANCY","5 rounds for time of:• 400m run• 15 Overhead squat 95/65#",899,"14:59","","","[{""secs"":59,""mins"":14}]","75#",SCALED,
04/14/2026,"Box Jump: Max Height","Box Jump: Max Height",51,"51","Inches","","[{""inches"":51}]","",RX,PR
04/14/2026,"Ski 1000m","Ski 1000m",248,"4:08","","","[{""secs"":8,""mins"":4}]","",RX,PR
04/14/2026,"Handstand Walk: Max Distance","Handstand Walk: Max Distance",1,"1","Meters","","[{""meters"":1}]","",RX,
04/14/2026,"Double Unders: 2 Minute Test","Maximum double-unders in 2 minutes.",144,"144","Reps","","[{""reps"":144}]","",RX,PR
04/14/2026,"Handstand Hold: Max Time","Handstand Hold: Max Time",64,"1:04","","","[{""secs"":4,""mins"":1}]","",RX,
04/16/2026,"HEAVY 1RM CLEAN","For Load:CleanBuild to heavy 1 rep max clean",215,"215","Load","Clean","[{""load"":195,""success"":true},{""load"":200,""success"":true},{""load"":205,""success"":true},{""load"":210,""success"":true},{""load"":215,""success"":true}]","",RX,PR
04/17/2026,"Cindy","AMRAP 20 minutes of:• 5 pull-ups• 10 push-ups• 15 squats",12.0019,"12+19","Rounds + Reps","","[{""rnds"":12,""reps"":19}]","20# vest",SCALED,
04/20/2026,"HEAVY PUSH PRESS","Push PressFor load:3-3-3-3-3",170,"170","Load","Push Press","[{""load"":115,""success"":true},{""load"":135,""success"":true},{""load"":155,""success"":true},{""load"":165,""success"":true},{""load"":170,""success"":true}]","",RX,PR
04/21/2026,"STRICTLY BUSINESS","- RX -EMOM 20:Min. 1 | Max strict pull-upsMin. 2 | Max strict ring dipsMin. 3 | Max AbMat sit-upsMin. 4 | Rest- INTERMEDIATE -EMOM 20:Min. 1 | Max strict pull-ups + banded pull-upsMin. 2 | Max strict ring dips + banded ring dipsMin. 3 | Max AbMat sit-upsMin. 4 | Rest- Athletes should not exceed 7-reps of pull-ups or dips in each set.- BEGINNER -EMOM 20:Min. 1 | 7 foot-assisted pull-upsMin. 2 | 7 foot-assisted ring dipsMin. 3 | 10 AbMat sit-upsMin. 4 | Rest""",213,"213","Reps","","[{""reps"":51},{""reps"":42},{""reps"":37},{""reps"":40},{""reps"":43}]","",RX,
04/22/2026,"CARRYOVER","- RX -4 sets for max reps:On a 3:00 clock:400/500-m rowMax double-DB box step-overs (35/50 lb) (20/20 in)- Rest 3:00 between sets.- INTERMEDIATE -4 sets for max reps:On a 3:00 clock:400/500-m rowMax double-DB box step-overs (20/35 lb) (20/20 in)- Rest 3:00 between sets.- BEGINNER -4 sets for max reps:On a 3:00 clock:200/250-m rowMax box step-overs (12/20 in)- Rest 3:00 between sets.",43,"43","Reps","","[{""reps"":12},{""reps"":10},{""reps"":10},{""reps"":11}]","",RX,
04/24/2026,"DOWN PAYMENT","- RX -AMRAP 10:003-6-9-12-15...Deadlifts (155/225 lb)6-12-18-24-30...Bar-facing burpees",4.0021,"4+21","Rounds + Reps","","[{""rnds"":4,""reps"":21}]","",RX,
04/27/2026,"JUMP AND JERK","- RX -For time:10-8-6-4-2Push jerks (125/185 lb)100-80-60-40-20Double-unders- INTERMEDIATE -For time:10-8-6-4-2Push jerks (95/135 lb)50-40-30-20-10Double-unders- BEGINNER -For time:10-8-6-4-2Push presses (35/45 lb)50-40-30-20-10Single-unders",714,"11:54","","","[{""secs"":54,""mins"":11}]","155#",SCALED,
04/27/2026,"Skill Work","2 rounds for max reps::30 single-unders:30 rest:30 double-unders:30 rest:30 triple-unders:30 rest",67,"67","Reps","","[{""reps"":67}]","",RX,
04/28/2026,"JUST PULL","- RX -AMRAP 15:3-6-9-12...Chest-to-bar pull-ups- Row 12/15 calories after each round.- INTERMEDIATE -AMRAP 15:3-6-9-12...Pull-ups- Row 12/15 calories after each round.- BEGINNER -AMRAP 15:3-6-9-12...Ring rows- Row 7/10 calories after each round.",6.0021,"6+21","Rounds + Reps","","[{""rnds"":6,""reps"":21}]","",RX,
04/29/2026,"DEADLIFT DAY","- RX -For load:Deadlift10-10-7-7-3-3-3- INTERMEDIATE - Same as Rxd- - BEGINNER - Same as Rxd",315,"315","Load","Deadlift","[{""load"":135,""success"":true},{""load"":185,""success"":true},{""load"":225,""success"":true},{""load"":245,""success"":true},{""load"":295,""success"":true},{""load"":305,""success"":true},{""load"":315,""success"":true}]","",RX,
05/04/2026,"“RESCUE ON THE DEATH STAR”","Infiltrate- 20 Shuttle Runs with box climb oversRescue the PrincessPartner up with whoever finishes at same timeSplit Reps Equally- 100 Medball AbMat sit-ups - 100 Medball Squat and passAny time hear ""Its a Trap!"" - disrupt and do 5 burpeesEscape/Get to the Falcon Split Reps as needed- 50 Step Ups- 50 Cal Machine",787,"13:07","","","[{""secs"":7,""mins"":13}]","",RX,
05/05/2026,"Bench Press 1x5","Bench Press for load: #1:  5 reps",165,"165","Load","Bench Press","[{""load"":165,""success"":true}]","",RX,PR
05/05/2026,"Bench Press 1x3","Bench Press for load: #1:  3 reps",175,"175","Load","Bench Press","[{""load"":175,""success"":true}]","",RX,PR
05/05/2026,"Skill Work","Build to a heavy 5 rep bench press in 10:00",165,"165","Load","","[{""load"":165,""success"":true}]","",RX,
05/05/2026,"PRESS UP","- RX -5 rounds for time:15 box jumps (24/30 in)15 Floor presses (95/135 lb)- INTERMEDIATE -5 rounds for time:15 box jumps (20/24 in)15 Floor presses (65/95 lb)- BEGINNER -5 rounds for time:10 box step-ups (16/20 in)10 Floor presses (35/45 lb)",693,"11:33","","","[{""secs"":33,""mins"":11}]","115#",SCALED,
05/06/2026,"DEADLIFT & RUN","- RX -2 rounds for time:1,600-m run15 deadlifts (155/225 lb)- INTERMEDIATE -2 rounds for time:1,600-m run15 deadlifts (115/185 lb)- BEGINNER -2 rounds for time:800-m run15 deadlifts (95/155 lb)",967,"16:07","","","[{""secs"":7,""mins"":16}]","",RX,
05/08/2026,"ALL THE SNATCHES","- RX -For reps:On a 4:00 clock:Max snatches (105/155 lb)4:00 restOn a 3:00 clock:Max snatches (125/185 lb)3:00 restOn a 2:00 clock:Max snatches (145/205 lb)- INTERMEDIATE -For reps:On a 4:00 clock:Max snatches (75/115 lb)4:00 restOn a 3:00 clock:Max snatches (95/135 lb)3:00 restOn a 2:00 clock:Max snatches (105/155 lb)- BEGINNER -For reps:On a 4:00 clock:Max snatches (15/35 lb)4:00 restOn a 3:00 clock:Max snatches (35/45 lb)3:00 restOn a 2:00 clock:Max hang snatches (45/55 lb)",39,"39","Reps","","[{""reps"":39}]","95#115#125#",SCALED,
05/08/2026,"Skill Work","5 sets:1 snatch deadlift1 snatch pull1 snatch1 overhead squat- Each set is a single unbroken complex. - Build to a heavy set of the complex.",115,"115","Load","","[{""load"":115,""success"":true}]","",RX,
05/11/2026,"Clean 5x5","Clean for load: #1:  5 reps #2:  5 reps #3:  5 reps #4:  5 reps #5:  5 reps",185,"185","Load","Clean","[{""load"":95,""success"":true},{""load"":115,""success"":true},{""load"":135,""success"":true},{""load"":155,""success"":true},{""load"":185,""success"":true}]","",RX,PR
05/11/2026,"Skill Work","On a 10:00 clock:Work up to a moderate set of 5 power cleans- Focus on cycle speed, not weight.",185,"185","Load","","[{""load"":185,""success"":true}]","",RX,
05/11/2026,"IVE GOT THE POWER","- RX -For time:30 power cleans (105/155 lb)800-m run30 power cleans- INTERMEDIATE -For time:30 power cleans (75/105 lb)800-m run30 power cleans- BEGINNER -For time:15 power cleans (35/45 lb)400-m run15 power cleans",875,"14:35","","","[{""secs"":35,""mins"":14}]","",RX,
05/12/2026,"SPLIT JERKS 5x3","Split Jerks3-3-3-3-3",175,"175","Load","Split Jerk","[{""load"":115,""success"":true},{""load"":125,""success"":true},{""load"":135,""success"":true},{""load"":145,""success"":true},{""load"":155,""success"":true},{""load"":165,""success"":true},{""load"":175,""success"":true}]","",RX,PR
05/13/2026,"TURKISH DELIGHT","- RX -3 rounds for time:25 ring dips10 KB Turkish get-ups (53/70 lb)25 pull-ups- Switch arms as desired on the Turkish get-ups.- INTERMEDIATE -3 rounds for time:18 ring dips10 KB Turkish get-ups (35/53 lb)18 pull-ups- Switch arms as desired on the Turkish get-ups.- BEGINNER -3 rounds for time:12 foot-assisted ring dips10 DB Turkish get-ups (5/10 lb)12 ring rows- Switch arms as desired on the Turkish get-ups.",1293,"21:33","","","[{""secs"":33,""mins"":21}]","4 Turkish get ups (35#)",SCALED,
05/18/2026,"CLIMB THE PYRAMID","- RX -For time: 10 deadlifts (185/275 lb)20 pull-ups30 wall-ball shots (14/20 lb) (9/10 ft)40 box jumps  (20/24 in)1,000-m row40 box jumps30 wall-ball shots20 pull-ups10 deadlifts- INTERMEDIATE - For time: 10 deadlifts (125/185 lb)15 pull-ups30 wall-ball shots (10/14 lb) (9/10 ft)40 box jumps  (20/24 in)800-m row40 box jumps30 wall-ball shots15 pull-ups10 deadlifts- BEGINNER - For time: 10 deadlifts (45/65 lb)15 ring rows20 wall-ball shots (6/10 lb) (8/9 ft)25 box step-ups  (12/12 in)500-m row25 box step-ups20 wall-ball shots15 ring rows10 deadlifts",1142,"19:02","","","[{""secs"":2,""mins"":19}]","",RX,
05/19/2026,"GUNS","3 rounds:10 DB curls/arm10 hammer curls/arm10 lateral raises",20,"20","Load","","[{""load"":20,""success"":true}]","",RX,
05/19/2026,"BUNS","- RX -6 x 1:30 rounds:16 single-leg squatsMax-cal bike- Rest 1:30 between rounds.",90,"90","Calories","","[{""calories"":18},{""calories"":14},{""calories"":14},{""calories"":13},{""calories"":14},{""calories"":17}]","8 single leg squats",SCALED,
05/20/2026,"HIP ACTION","- RX -6 rounds for time:24 KB swings (35/53 lb)12 burpees to a target- Burpee target is 6 inches above fingertips with arms overhead.- INTERMEDIATE - 6 rounds for time:24 KB swings (26/35 lb)12 burpees to a target- Burpee target is at the fingertips with arms overhead.- BEGINNER - 4 rounds for time:18 KB swings (18/26 lb)12 burpees",1031,"17:11","","","[{""secs"":11,""mins"":17}]","",RX,
05/21/2026,"FULL TILT","- RX - AMRAP 12: 200-m run8 hang squat cleans (75/115 lb)4 wall walks- INTERMEDIATE - AMRAP 12: 200-m run8 hang squat cleans (55/75 lb)3 wall walks- BEGINNER - AMRAP 12: 200-m run8 hang power cleans (35/45 lb)4 inchworm + push-ups from the knees",4,"4","Rounds + Reps","","[{""rnds"":4,""reps"":0}]","",RX,
05/25/2026,"MURPH","- RX -For time:1,600-m run100 pull-ups200 push-ups300 air squats1,600-m run- Partition anyhow.- Wear a weight vest if you have one (14/20 lb).- INTERMEDIATE -For time:1,600-m run50 pull-ups100 push-ups150 air squats1,600-m run- Partition the pull-ups, push-ups, and squats as needed.- Head out for the second run no later than 25:00.- BEGINNER -For time:800-m run Then:10 rounds:5 ring rows10 hand-elevated push-ups15 air squatsThen:800-m run- Head out for the second run no later than 20:00.""",3305,"55:05","","","[{""secs"":5,""mins"":55}]","",RX,PR
05/26/2026,"ADRIAN","- RX -7 rounds for time of:3 forward rolls5 wall walks7 toes-to-bars9 box jumps (24/30 in)- INTERMEDIATE -7 rounds for time of:3 forward rolls3 wall walks7 hanging leg raises9 box jumps (20/24 in)- BEGINNER -7 rounds for time of:3 elevated candlestick rolls3 inchworms + push-ups from the knees7 toes-to-kettlebells7 plate jumps",1245,"20:45","","","[{""secs"":45,""mins"":20}]","",RX,PR
05/27/2026,"SHAM","- RX -7 rounds for time of:11 bodyweight deadlifts100-m sprint- INTERMEDIATE -Same as Rxd- BEGINNER - 5 rounds for time of:11 deadlifts (55/75 lb)100-m run",417,"6:57","","","[{""secs"":57,""mins"":6}]","165#",RX,PR
05/28/2026,"BENCH PRESS 5x8","For Load:Bench Press8-8-8-8-8",145,"145","Load","Bench Press","[{""load"":75,""success"":true},{""load"":95,""success"":true},{""load"":115,""success"":true},{""load"":125,""success"":true},{""load"":145,""success"":true}]","",RX,
06/02/2026,"BUNS","3 Rounds10 Bulgarian Split Squats/Leg w/ load",40,"40","Load","","[{""load"":40,""success"":true}]","",RX,
06/02/2026,"PUSH PRESS","For Load:Push Press5-5-3-3-3-1-1-1-1",175,"175","Load","Push Press","[{""load"":45,""success"":true},{""load"":75,""success"":true},{""load"":95,""success"":true},{""load"":125,""success"":true},{""load"":135,""success"":true},{""load"":155,""success"":true},{""load"":165,""success"":true},{""load"":175,""success"":true},{""load"":185,""success"":false}]","",RX,PR
06/03/2026,"PARTNER PRESSURE","- RX -10 rounds for time with a partner:16/20-cal row20 single-arm DB cleans (35/50 lb)- Partners alternate full rounds.- INTERMEDIATE -10 rounds for time with a partner:14/18-cal row20 single-arm DB cleans (20/35 lb)- Partners alternate full rounds.- BEGINNER -6 rounds for time with a partner:11/15-cal row20 single-arm DB cleans (10/15 lb)- Partners alternate full rounds.",1114,"18:34","","","[{""secs"":34,""mins"":18}]","Tamra",RX,
06/05/2026,"HEAVY TURNOVER","- RX -10 rounds for time:5 Back squats (155/225 lb)3 muscle-ups- INTERMEDIATE -10 rounds for time:5 Back squats (105/155 lb)1 muscle-up or 3 false grip ring to chest pull-ups- BEGINNER -7 rounds for time:5 Back squats (35/45 lb)3 muscle-up transitions",1109,"18:29","","","[{""secs"":29,""mins"":18}]","155#",SCALED,
06/08/2026,"Clean & Jerk 7x1","Clean & Jerk for load: #1:  1 rep  #2:  1 rep  #3:  1 rep  #4:  1 rep  #5:  1 rep  #6:  1 rep  #7:  1 rep ",190,"190","Load","Clean & Jerk","[{""load"":135,""success"":true},{""load"":145,""success"":true},{""load"":155,""success"":true},{""load"":165,""success"":true},{""load"":175,""success"":true},{""load"":185,""success"":true},{""load"":190,""success"":true}]","",RX,
06/08/2026,"UP, DOWN, GONE","- RX -For time:30 box jump-overs (24/30 in)150 air squats1,600-m run- INTERMEDIATE -For time:30 box jump-overs (20/24 in)120 air squats1,200-m run- BEGINNER -For time:30 box step-overs (12/20 in)50 air squats800-m run",863,"14:23","","","[{""secs"":23,""mins"":14}]","",RX,
06/09/2026,"Skill Work","Post-workout:1:00 max-rep power cleans- Use 75% of your heaviest set of the day.",12,"12","Reps","","[{""reps"":12}]","135#",RX,
06/09/2026,"HEAVY POWER CLEANS","- RX -For load:3-3-3-3-3-3-3Power clean- INTERMEDIATE - Same as Rxd- BEGINNER - Same as Rxd",165,"165","Load","Power Clean","[{""load"":45,""success"":true},{""load"":95,""success"":true},{""load"":115,""success"":true},{""load"":135,""success"":true},{""load"":145,""success"":true},{""load"":155,""success"":true},{""load"":165,""success"":true}]","",RX,
06/10/2026,"BREAK IT UP","- RX -2 rounds for time with a partner:50/60-cal bikeDouble-DB walking lunges (150 ft) (35/50 lb)20 wall walksSplit work as needed; 1 partner works at a time.- INTERMEDIATE -2 rounds for time with a partner:40/50-cal bikeDouble-DB walking lunges (150 ft) (20/35 lb)14 wall walksSplit work as needed; 1 partner works at a time.- BEGINNER -2 rounds for time with a partner:20/30-cal bikeWalking lunges (100 ft)10 inchworms + push-up from kneesSplit work as needed, 1 partner works at a time.",1029,"17:09","","","[{""secs"":9,""mins"":17}]","Partners with Adrienne",RX,
06/12/2026,"UPS AND DOWNS","- RX -For time:2-4-6-8-10 Bar muscle-ups60-50-40-30-20Double-unders- INTERMEDIATE -For time:2-3-4-5-6Bar muscle-ups50-40-30-20-10Double-unders- BEGINNER -For time:2-3-4-5-6Pull-up40-30-20-10-10Single-unders- Perform kipping or jumping pull-ups.",455,"7:35","","","[{""secs"":35,""mins"":7}]","",RX,
06/15/2026,"ROW & GO","- RX -For time:60/75-cal row21 front squats (125/185 lb)60/75-cal row15 front squats60/75-cal row9 front squats",1424,"23:44","","","[{""secs"":44,""mins"":23}]","95#",SCALED,
06/16/2026,"JUMP, JUMP, & CRUNCH","3 rounds for time:100 double-unders25 burpees to a target15 knees-to-elbows- Perform burpees to your knees-to-elbows bar.",798,"13:18","","","[{""secs"":18,""mins"":13}]","",RX,
06/19/2026,"LEGS & NO LEGS","Every 4:00 for 5 rounds: 400-m run 2 legless rope climbs- Rest in the remaining time.",565,"9:25","","","[{""secs"":55,""mins"":1},{""secs"":55,""mins"":1},{""secs"":53,""mins"":1},{""secs"":51,""mins"":1},{""secs"":51,""mins"":1}]","",RX,
06/22/2026,"UP AND OVER","21-15-9 reps for time:Double-DB box step-overs (35/50 lb) (20/20 in)Chest-to-bar pull-ups",558,"9:18","","","[{""secs"":18,""mins"":9}]","",RX,
06/22/2026,"Skill Work","Front Scale Practice",0,"No","Checkbox","","[{""boolean"":0}]","",RX,
06/23/2026,"SWING STATE","4 x AMRAP 3:200-m runHandstand walk (50 ft)Max KB swings (35/53 lb)- Rest 1:00 between AMRAPs.",83,"83","Reps","","[{""reps"":20},{""reps"":23},{""reps"":20},{""reps"":20}]","Handstand walk attempts",SCALED,
06/26/2026,"STEADY CURRENT","3 rounds for time:400/500-m row40 AbMat sit-ups30 alternating DB snatches (35/50 lb)",1160,"19:20","","","[{""secs"":20,""mins"":19}]","",RX,
07/06/2026,"Clean & Jerk 3-3-3-2-2-1-1-1-1-1","Clean & Jerk for load: #1:  3 reps #2:  3 reps #3:  3 reps #4:  2 reps #5:  2 reps #6:  1 rep  #7:  1 rep  #8:  1 rep  #9:  1 rep  #10:  1 rep ",195,"195","Load","Clean & Jerk","[{""load"":95,""success"":true},{""load"":125,""success"":true},{""load"":135,""success"":true},{""load"":145,""success"":true},{""load"":155,""success"":true},{""load"":165,""success"":true},{""load"":175,""success"":true},{""load"":185,""success"":true},{""load"":190,""success"":true},{""load"":195,""success"":true}]","Missed 195 the first time but got it on the second attempt",RX,PR
07/06/2026,"RUN 1 MILE","Run 1 mile",342,"5:42","","","[{""secs"":42,""mins"":5}]","",RX,PR
07/07/2026,"GRACE","30 reps for time of:• Clean & Jerk 135/95#",272,"4:32","","","[{""secs"":32,""mins"":4}]","",RX,PR
07/08/2026,"TABATA SOMETHING ELSE","Complete 32 intervals of 20 seconds of work followed by ten secondsof rest where:• the first 8 intervals are pull-ups,• the second 8 are push-ups,• the third 8 intervals are sit-ups, and finally,• the last 8 intervals are squats.There is no rest between exercises.",321,"321","Reps","","[{""reps"":321}]","",RX,PR
07/10/2026,"HELEN","3 rounds for time of:• 400m run• 21 Kettlebell Swings (35/53)• 12 Pull-ups",695,"11:35","","","[{""secs"":35,""mins"":11}]","",RX,
07/13/2026,"Clean & Jerk 6x2","Clean & Jerk for load: #1:  2 reps #2:  2 reps #3:  2 reps #4:  2 reps #5:  2 reps #6:  2 reps",165,"165","Load","Clean & Jerk","[{""load"":125,""success"":true},{""load"":135,""success"":true},{""load"":145,""success"":true},{""load"":155,""success"":true},{""load"":165,""success"":true},{""load"":165,""success"":true}]","",RX,
07/13/2026,"TIPSY","AMRAP 15:10 ring rows8 DB thrusters (35/50 lb)16-cal row",4.0004,"4+4","Rounds + Reps","","[{""rnds"":4,""reps"":4}]","40#",SCALED,
07/14/2026,"ANNIE","50-40-30-20-10 reps for time:Double-undersSit-upsTime Cap 13:00",570,"9:30","","","[{""secs"":30,""mins"":9}]","",RX,PR
07/15/2026,"PARTNER TRAVEL","AMRAP 20:00 with a partner:40 Cal Bike24 Push Ups24 Russian KB swings (35/53)- Split as desired",6,"6","Rounds + Reps","","[{""rnds"":6,""reps"":0}]","70#Partners with Keith",SCALED,
07/16/2026,"JAMMER PRESS","For LoadJammer Press4-4-4-4-4",90,"90","Load","","[{""load"":90,""success"":true}]","Partners with Pamela",RX,
07/17/2026,"RUN & SQUAT","AMRAP 125 front squats (135/205 lb)200-m run",7,"7","Rounds + Reps","","[{""rnds"":7,""reps"":0}]","135#",SCALED,
07/20/2026,"Clean & Jerk 6x2","Clean & Jerk for load: #1:  2 reps #2:  2 reps #3:  2 reps #4:  2 reps #5:  2 reps #6:  2 reps",175,"175","Load","Clean & Jerk","[{""load"":145,""success"":true},{""load"":155,""success"":true},{""load"":165,""success"":true},{""load"":165,""success"":true},{""load"":170,""success"":true},{""load"":175,""success"":true}]","95-105-115-125-135 warmup weights",RX,PR
07/20/2026,"PUSH COMPLEX","Every 3:30 for 7 sets:3 push presses 2 push jerks 1 split jerk Build in load each set.",145,"145","Load","","[{""load"":95,""success"":true},{""load"":100,""success"":true},{""load"":105,""success"":true},{""load"":110,""success"":true},{""load"":125,""success"":true},{""load"":145,""success"":true},{""load"":155,""success"":false}]","",RX,
07/21/2026,"UP AND OVER","3 rounds for time:400/500-m row21 burpees15 box jump-overs (24/30 in)",805,"13:25","","","[{""secs"":25,""mins"":13}]","",RX,
07/22/2026,"Accessory Work","Tabata Planks:20 Plank:10 Rest",1,"Yes","Checkbox","","[{""boolean"":1}]","",RX,
07/22/2026,"DUB UP","AMRAP 8:50 double-unders10 push-ups",7.0023,"7+23","Rounds + Reps","","[{""rnds"":7,""reps"":23}]","",RX,
07/23/2026,"Run 800m","Run 800m",174,"2:54","","","[{""secs"":54,""mins"":2}]","",RX,PR
07/23/2026,"RUN INTERVALS","4 rounds for time:800-m run- Rest 3:00 between rounds.",711,"11:51","","","[{""secs"":59,""mins"":2},{""secs"":0,""mins"":3},{""secs"":58,""mins"":2},{""secs"":54,""mins"":2}]","",RX,
07/27/2026,"Shoulder Press 6x5","Shoulder Press for load: #1:  5 reps #2:  5 reps #3:  5 reps #4:  5 reps #5:  5 reps #6:  5 reps",115,"115","Load","Shoulder Press","[{""load"":75,""success"":true},{""load"":85,""success"":true},{""load"":95,""success"":true},{""load"":105,""success"":true},{""load"":115,""success"":true},{""load"":125,""success"":false}]","",RX,
07/27/2026,"TABATA SOME MORE","For reps:Tabata air squatsTabata push-upsTabata AbMat sit-upsTabata walking lunges- Each Tabata is 8 rounds of :20 of work and :10 of rest.",390,"390","Reps","","[{""reps"":390}]","",RX,
07/28/2026,"BALLER","3 rounds for time:400-m run20 MB Cleans (14/20 lb)",501,"8:21","","","[{""secs"":21,""mins"":8}]","",RX,
08/02/2026,"Back Squat 4x5","Back Squat for load: #1:  5 reps #2:  5 reps #3:  5 reps #4:  5 reps",185,"185","Load","Back Squat","[{""load"":165,""success"":true},{""load"":165,""success"":true},{""load"":185,""success"":true},{""load"":185,""success"":true}]","",RX,
08/03/2026,"Snatch Grip Deadlift 5x5","Snatch Grip Deadlift for load: #1:  5 reps #2:  5 reps #3:  5 reps #4:  5 reps #5:  5 reps",175,"175","Load","Snatch Grip Deadlift","[{""load"":175,""success"":true},{""load"":175,""success"":true},{""load"":175,""success"":true},{""load"":175,""success"":true},{""load"":175,""success"":true}]","",RX,PR
08/03/2026,"Overhead Squat 5x3","Overhead Squat for load: #1:  3 reps #2:  3 reps #3:  3 reps #4:  3 reps #5:  3 reps",105,"105","Load","Overhead Squat","[{""load"":105,""success"":true},{""load"":105,""success"":true},{""load"":105,""success"":true},{""load"":105,""success"":true},{""load"":105,""success"":true}]","",RX,
08/03/2026,"Snatch 6x2","Snatch for load: #1:  2 reps #2:  2 reps #3:  2 reps #4:  2 reps #5:  2 reps #6:  2 reps",135,"135","Load","Snatch","[{""load"":95,""success"":true},{""load"":105,""success"":true},{""load"":115,""success"":true},{""load"":125,""success"":true},{""load"":135,""success"":true},{""load"":140,""success"":false}]","",RX,PR
08/03/2026,"DB FUN","AMRAP 15:6 Shuttle DB suitcase carry Runs (35/50 lb)10 shuttle runs30 alternating DB hang snatches- Shuttle run is 25 ft out and back.",3.0023,"3+23","Rounds + Reps","","[{""rnds"":3,""reps"":23}]","",RX,
08/04/2026,"UPSIDE","AMRAP 15:3 wall walks15 KB Swing (35/53)60 double-unders",5.0023,"5+23","Rounds + Reps","","[{""rnds"":5,""reps"":23}]","",RX,
08/05/2026,"PUSH THE BIKE","3 x 4:00 AMRAP15/20 Cal Bike20 BurpeesMax Wall ball sit ups (14/20)",54,"54","Reps","","[{""reps"":54}]","",RX,
08/07/2026,"Skill Work","Post-workout mini testAMRAP 1:Front squats- Use ~65% of todays heaviest lift.",12,"12","Reps","","[{""reps"":12}]","115#",RX,
08/07/2026,"FRONT SQUATS x 3","For load: Front squat3-3-3-3-3",180,"180","Load","Front Squat","[{""load"":155,""success"":true},{""load"":165,""success"":true},{""load"":170,""success"":true},{""load"":175,""success"":true},{""load"":180,""success"":true}]","",RX,
08/11/2026,"HANG & SWING","27-21-15-9 reps for time: Hang power cleans (65/95 lb)Toes-to-bars",602,"10:02","","","[{""secs"":2,""mins"":10}]","",RX,
08/12/2026,"BENCH PRESS 5x5","For Load:Bench Press5-5-5-5-5",165,"165","Load","Bench Press","[{""load"":115,""success"":true},{""load"":135,""success"":true},{""load"":145,""success"":true},{""load"":155,""success"":true},{""load"":165,""success"":true}]","",RX,
08/17/2026,"Clean & Jerk 3-3-2-1-1-1-1-1-1","Clean & Jerk for load: #1:  3 reps #2:  3 reps #3:  2 reps #4:  1 rep  #5:  1 rep  #6:  1 rep  #7:  1 rep  #8:  1 rep  #9:  1 rep ",190,"190","Load","Clean & Jerk","[{""load"":135,""success"":true},{""load"":145,""success"":true},{""load"":155,""success"":true},{""load"":165,""success"":true},{""load"":170,""success"":true},{""load"":175,""success"":true},{""load"":180,""success"":true},{""load"":185,""success"":true},{""load"":190,""success"":true}]","",RX,
08/17/2026,"INTERVALS","For time:1,200-m run3:00 rest800-m run2:00 rest400-m run1:00 rest200-m run",935,"15:35","","","[{""secs"":35,""mins"":15}]","",RX,
08/19/2026,"HANG POWER CLEAN","For Load:Hang Power Clean2-2-2-2-2",205,"205","Load","Hang Power Clean","[{""load"":175,""success"":true},{""load"":185,""success"":true},{""load"":195,""success"":true},{""load"":200,""success"":true},{""load"":205,""success"":true}]","",RX,PR
08/20/2026,"GOBLINS","AMRAP 14:400/500-m row15 Goblet Squats (35/53 lb):30 L-sit hold",3.0006,"3+6","Rounds + Reps","","[{""rnds"":3,""reps"":6}]","",RX,
08/21/2026,"COMMUNITY CUP #3","For total reps:AMRAP 4:10 shuttle runs21 toes-to-barsMax power snatches (95/135 lb)2:00 restAMRAP 4:10 shuttle runs21 toes-to-barsMax overhead squats (95/135 lb)2:00 restAMRAP 4:10 shuttle runs21 toes-to-barsMax squat snatches (95/135 lb)- Tiebreak is total power snatch reps.- 1 shuttle is 25 ft down and back.",37,"37","Reps","","[{""reps"":37}]","95#",SCALED,
08/22/2026,"20 MIN PARTNERS","AMRAP 20:50 Plate box step-ups (20/20 in) (25/35 lb)50 Plate lunges (25/35 lb)400-m Plate carry- Carry the plate anyhow.- Split the reps and carry together",3.0016,"3+16","Rounds + Reps","","[{""rnds"":3,""reps"":16}]","Partners with Ferdinand",RX,
08/24/2026,"Push Press 8x2","Push Press for load: #1:  2 reps #2:  2 reps #3:  2 reps #4:  2 reps #5:  2 reps #6:  2 reps #7:  2 reps #8:  2 reps",175,"175","Load","Push Press","[{""load"":115,""success"":true},{""load"":125,""success"":true},{""load"":135,""success"":true},{""load"":145,""success"":true},{""load"":155,""success"":true},{""load"":165,""success"":true},{""load"":170,""success"":true},{""load"":175,""success"":true}]","",RX,PR
08/24/2026,"RUN, SIT, AND MACHINE","- RX -For time:200-m run (1:00)40 sit-ups32/40-cal bike or ski400-m run (2:15)30 sit-ups24/30-cal bike or ski800-m run (4:30)20 sit-ups16/20-cal bike or ski",995,"16:35","","","[{""secs"":35,""mins"":16}]","",RX,
08/25/2026,"4 ROUNDS OF EACH","4 rounds for reps::40 double-DB push presses (35/50 lb):20 rest:40 double-DB deadlifts:20 rest:40 pull-ups:20 rest",187,"187","Reps","","[{""reps"":52},{""reps"":47},{""reps"":42},{""reps"":46}]","",RX,
08/26/2026,"FISH GAME","How good are you at fishing?",225,"225","Points","","[{""points"":225}]","",RX,
08/26/2026,"INTERVAL TRAINING","Every 3:00 for 10 sets:250-m row- Rest the remainder of each interval.",544,"9:04","","","[{""secs"":55},{""secs"":54},{""secs"":54},{""secs"":55},{""secs"":55},{""secs"":55},{""secs"":54},{""secs"":54},{""secs"":54},{""secs"":54}]","",RX,
08/27/2026,"SUMO PEOPLE","AMRAP 14:20 air squats15 sumo deadlift high pulls (55/75 lb)10 hand-release push-ups",6.0023,"6+23","Rounds + Reps","","[{""rnds"":6,""reps"":23}]","",RX,
08/28/2026,"BOX AND CLIMB","AMRAP 13 w/ a partner:8 box jumps (20/24 in)1 rope climb (15/15 ft)- You go, I go",22.0003,"22+3","Rounds + Reps","","[{""rnds"":22,""reps"":3}]","Partners with Nick B",RX,
08/31/2026,"Clean & Jerk 7x1","Clean & Jerk for load: #1:  1 rep  #2:  1 rep  #3:  1 rep  #4:  1 rep  #5:  1 rep  #6:  1 rep  #7:  1 rep ",190,"190","Load","Clean & Jerk","[{""load"":145,""success"":true},{""load"":155,""success"":true},{""load"":165,""success"":true},{""load"":175,""success"":true},{""load"":180,""success"":true},{""load"":185,""success"":true},{""load"":190,""success"":true}]","",RX,
08/31/2026,"GRIPPER RIPPER","8 rounds for reps:On a 1:00 clock:100-m sprintMax clean and jerks (75/115 lb)- Rest 2:00 between rounds.",62,"62","Reps","","[{""reps"":7},{""reps"":8},{""reps"":8},{""reps"":8},{""reps"":8},{""reps"":7},{""reps"":8},{""reps"":8}]","",RX,
09/03/2026,"OVERHEAD","AMRAP 12:1-2-3-4-5, etc.Muscle UpsPush presses (105/155 lb)",5.0011,"5+11","Rounds + Reps","","[{""rnds"":5,""reps"":11}]","",RX,
09/08/2026,"WALL BALLS & MORE","AMRAP 12:2 wall-ball shots (9/10 ft) (14/20 lb)2 box jump-overs (20/24 in)2 burpees- After every round add 2 reps to each movement.",7.0024,"7+24","Rounds + Reps","","[{""rnds"":7,""reps"":24}]","",RX,
09/09/2026,"SNATCH BALANCE 5 x 3","Snatch Balance for load: #1: 3 reps #2: 3 reps #3: 3 reps #4: 3 reps #5: 3 reps",135,"135","Load","Snatch Balance","[{""load"":75,""success"":true},{""load"":95,""success"":true},{""load"":115,""success"":true},{""load"":125,""success"":true},{""load"":135,""success"":true}]","",RX,PR
09/10/2026,"SWING HIGH, PRESS HIGHER","3 rounds for time:30 Russian KB swings (35/53 lb)15 handstand push-ups",512,"8:32","","","[{""secs"":32,""mins"":8}]","",RX,
09/11/2026,"CC ... SU!","6 rounds, each for time:400-m run- Rest 1:30 between rounds.- Log each round; score is total run time.",462,"7:42","","","[{""secs"":18,""mins"":1},{""secs"":14,""mins"":1},{""secs"":17,""mins"":1},{""secs"":19,""mins"":1},{""secs"":17,""mins"":1},{""secs"":17,""mins"":1}]","",RX,
